variety_name,forecast_week,horizon,horizon_week,wape,accuracy,forecast_stability_index,bias,total_forecast,total_harvest,forecast_kind,n_fields
Ariya,2026-W04,4,2026-W07,0.32124703490342255,1.3212470349034227,0.24030150385043567,0.32124703490342255,7798.0,5902.0,final,1
Ariya,2026-W05,3,2026-W07,0.5271094544222298,1.5271094544222297,0.24030150385043567,0.5271094544222298,9013.0,5902.0,final,1
Ariya,2026-W06,2,2026-W07,0.1690952219586581,0.8309047780413419,0.24030150385043567,-0.1690952219586581,4904.0,5902.0,final,1
Ariya,2026-W07,1,2026-W07,0.1907827854964419,1.190782785496442,0.24030150385043567,0.1907827854964419,7028.0,5902.0,final,1
Asteae,2026-W04,4,2026-W07,0.20328882021851893,0.7967111797814811,0.17111903650160526,-0.20328882021851893,7219.0,9061.0,final,2
Asteae,2026-W05,3,2026-W07,0.3548173490784682,0.6451826509215318,0.17111903650160526,-0.3548173490784682,5846.0,9061.0,final,2
Asteae,2026-W06,2,2026-W07,0.35172718243019535,0.6482728175698047,0.17111903650160526,-0.35172718243019535,5874.0,9061.0,final,2
Asteae,2026-W07,1,2026-W07,0.08895265423242468,0.9110473457675753,0.17111903650160526,-0.08895265423242468,8255.0,9061.0,final,2
Athena,2026-W04,4,2026-W07,0.041149827577332855,1.0411498275773328,0.28342460204389697,0.041149827577332855,40457.0,38858.0,final,1
Athena,2026-W05,3,2026-W07,0.1988779659272222,0.8011220340727778,0.28342460204389697,-0.1988779659272222,31130.0,38858.0,final,1
Athena,2026-W06,2,2026-W07,0.15289000977919603,0.8471099902208039,0.28342460204389697,-0.15289000977919603,32917.0,38858.0,final,1
Athena,2026-W07,1,2026-W07,0.444026969993309,1.444026969993309,0.28342460204389697,0.444026969993309,56112.0,38858.0,final,1
Azore,2026-W04,4,2026-W07,0.6458153580672994,1.6458153580672994,0.2708176425102145,0.6458153580672994,15260.0,9272.0,final,2
Azore,2026-W05,3,2026-W07,0.4840379637618637,1.4840379637618637,0.2708176425102145,0.4840379637618637,13760.0,9272.0,final,2
Azore,2026-W06,2,2026-W07,0.22379206212251943,0.9619283865401208,0.2708176425102145,-0.03807161345987921,8919.0,9272.0,final,2
Azore,2026-W07,1,2026-W07,0.16037532355478862,0.9975194132873166,0.2708176425102145,-0.0024805867126833476,9249.0,9272.0,final,2
Babe,2026-W04,4,2026-W07,0.42101327350906714,1.421013273509067,0.36828789959655,0.42101327350906714,7601.0,5349.0,final,2
Babe,2026-W05,3,2026-W07,1.3965227145260797,2.3965227145260797,0.36828789959655,1.3965227145260797,12819.0,5349.0,final,2
Babe,2026-W06,2,2026-W07,1.4380257992148064,2.4380257992148064,0.36828789959655,1.4380257992148064,13041.0,5349.0,final,2
Babe,2026-W07,1,2026-W07,0.4021312394840157,1.1078706300243035,0.36828789959655,0.10787063002430361,5926.0,5349.0,final,2
Baby Follies,2026-W04,4,2026-W07,0.4127100560149373,0.5872899439850627,0.28158080079197845,-0.4127100560149373,8807.0,14996.0,final,1
Baby Follies,2026-W05,3,2026-W07,0.18598292878100828,0.8140170712189917,0.28158080079197845,-0.18598292878100828,12207.0,14996.0,final,1
Baby Follies,2026-W06,2,2026-W07,0.44265137369965324,0.5573486263003468,0.28158080079197845,-0.44265137369965324,8358.0,14996.0,final,1
Baby Follies,2026-W07,1,2026-W07,0.0008668978394238463,1.000866897839424,0.28158080079197845,0.0008668978394238463,15009.0,14996.0,final,1
Bandolero,2026-W04,4,2026-W07,0.7888965044551063,1.7888965044551062,0.21536561472173565,0.7888965044551063,18270.0,10213.0,final,1
Bandolero,2026-W05,3,2026-W07,0.24057573680603153,1.2405757368060315,0.21536561472173565,0.24057573680603153,12670.0,10213.0,final,1
Bandolero,2026-W06,2,2026-W07,0.1286595515519436,1.1286595515519435,0.21536561472173565,0.1286595515519436,11527.0,10213.0,final,1
Bandolero,2026-W07,1,2026-W07,0.2837559972583962,1.283755997258396,0.21536561472173565,0.2837559972583962,13111.0,10213.0,final,1
Belle Rose,2026-W04,4,2026-W07,0.42122779171573393,0.578772208284266,0.7922277634959646,-0.42122779171573393,11304.0,19531.0,final,1
Belle Rose,2026-W05,3,2026-W07,0.7049306231119759,0.29506937688802415,0.7922277634959646,-0.7049306231119759,5763.0,19531.0,final,1
Belle Rose,2026-W06,2,2026-W07,0.6388817776867544,0.3611182223132456,0.7922277634959646,-0.6388817776867544,7053.0,19531.0,final,1
Belle Rose,2026-W07,1,2026-W07,0.4452920997388767,1.4452920997388767,0.7922277634959646,0.4452920997388767,28228.0,19531.0,final,1
Camaro,2026-W04,4,2026-W07,0.12367123287671233,0.8763287671232877,0.2703858080110226,-0.12367123287671233,15993.0,18250.0,final,1
Camaro,2026-W05,3,2026-W07,0.6149589041095891,1.614958904109589,0.2703858080110226,0.6149589041095891,29473.0,18250.0,final,1
Camaro,2026-W06,2,2026-W07,0.6131506849315068,1.613150684931507,0.2703858080110226,0.6131506849315068,29440.0,18250.0,final,1
Camaro,2026-W07,1,2026-W07,0.7442191780821917,1.7442191780821918,0.2703858080110226,0.7442191780821917,31832.0,18250.0,final,1
Cheyenne,2026-W04,4,2026-W07,0.11864129991018209,0.8813587000898179,0.37458672717418684,-0.11864129991018209,10794.0,12247.0,final,1
Cheyenne,2026-W05,3,2026-W07,0.5363762554094881,1.536376255409488,0.37458672717418684,0.5363762554094881,18816.0,12247.0,final,1
Cheyenne,2026-W06,2,2026-W07,0.2666775536866171,0.7333224463133828,0.37458672717418684,-0.2666775536866171,8981.0,12247.0,final,1
Cheyenne,2026-W07,1,2026-W07,0.19727280150240875,0.8027271984975912,0.37458672717418684,-0.19727280150240875,9831.0,12247.0,final,1
Chococcino,2026-W04,4,2026-W07,6.016470588235294,7.016470588235294,0.7781399264457979,6.016470588235294,2982.0,425.0,final,1
Chococcino,2026-W05,3,2026-W07,3.284705882352941,4.284705882352942,0.7781399264457979,3.284705882352941,1821.0,425.0,final,1
Chococcino,2026-W06,2,2026-W07,0.38823529411764707,1.388235294117647,0.7781399264457979,0.38823529411764707,590.0,425.0,final,1
Chococcino,2026-W07,1,2026-W07,0.30823529411764705,1.3082352941176472,0.7781399264457979,0.30823529411764705,556.0,425.0,final,1
Destini,2026-W04,4,2026-W07,0.07475209763539283,0.9252479023646072,0.35602569154757924,-0.07475209763539283,4852.0,5244.0,final,1
Destini,2026-W05,3,2026-W07,0.12299771167048056,0.8770022883295194,0.35602569154757924,-0.12299771167048056,4599.0,5244.0,final,1
Destini,2026-W06,2,2026-W07,0.28718535469107553,0.7128146453089245,0.35602569154757924,-0.28718535469107553,3738.0,5244.0,final,1
Destini,2026-W07,1,2026-W07,0.5362318840579711,1.536231884057971,0.35602569154757924,0.5362318840579711,8056.0,5244.0,final,1
Dima Bombastic,2026-W04,4,2026-W07,13.571716357775987,14.571716357775987,1.3415943844936988,13.571716357775987,36167.0,2482.0,final,2
Dima Bombastic,2026-W05,3,2026-W07,2.412167606768735,3.412167606768735,1.3415943844936988,2.412167606768735,8469.0,2482.0,final,2
Dima Bombastic,2026-W06,2,2026-W07,0.4822723609991942,0.6796937953263498,1.3415943844936988,-0.3203062046736503,1687.0,2482.0,final,2
Dima Bombastic,2026-W07,1,2026-W07,0.08098307816277196,0.919016921837228,1.3415943844936988,-0.08098307816277196,2281.0,2482.0,final,2
Dinara,2026-W04,4,2026-W07,0.2506265664160401,1.25062656641604,0.0672578769830327,0.2506265664160401,14471.0,11571.0,final,1
Dinara,2026-W05,3,2026-W07,0.12937516204303864,1.1293751620430386,0.0672578769830327,0.12937516204303864,13068.0,11571.0,final,1
Dinara,2026-W06,2,2026-W07,0.11252268602540835,1.1125226860254083,0.0672578769830327,0.11252268602540835,12873.0,11571.0,final,1
Dinara,2026-W07,1,2026-W07,0.26652838994036815,1.266528389940368,0.0672578769830327,0.26652838994036815,14655.0,11571.0,final,1
Downtown,2026-W04,4,2026-W07,1.2985751295336787,2.298575129533679,0.3310851769932653,1.2985751295336787,7098.0,3088.0,final,1
Downtown,2026-W05,3,2026-W07,0.26716321243523317,1.2671632124352332,0.3310851769932653,0.26716321243523317,3913.0,3088.0,final,1
Downtown,2026-W06,2,2026-W07,0.6437823834196891,1.6437823834196892,0.3310851769932653,0.6437823834196891,5076.0,3088.0,final,1
Downtown,2026-W07,1,2026-W07,1.7389896373056994,2.7389896373056994,0.3310851769932653,1.7389896373056994,8458.0,3088.0,final,1
Dynamite,2026-W04,4,2026-W07,2.5087609511889863,3.5087609511889863,0.23608231019796272,2.5087609511889863,5607.0,1598.0,final,1
Dynamite,2026-W05,3,2026-W07,2.641426783479349,3.641426783479349,0.23608231019796272,2.641426783479349,5819.0,1598.0,final,1
Dynamite,2026-W06,2,2026-W07,3.0006257822277846,4.000625782227785,0.23608231019796272,3.0006257822277846,6393.0,1598.0,final,1
Dynamite,2026-W07,1,2026-W07,1.1971214017521903,2.1971214017521903,0.23608231019796272,1.1971214017521903,3511.0,1598.0,final,1
Eyeliner,2026-W04,4,2026-W07,1.967482938578884,2.967482938578884,0.3623972386906858,1.967482938578884,7392.0,2491.0,final,1
Eyeliner,2026-W05,3,2026-W07,1.2376555600160577,2.2376555600160577,0.3623972386906858,1.2376555600160577,5574.0,2491.0,final,1
Eyeliner,2026-W06,2,2026-W07,0.892814130871136,1.8928141308711361,0.3623972386906858,0.892814130871136,4715.0,2491.0,final,1
Eyeliner,2026-W07,1,2026-W07,0.16619831393014853,1.1661983139301486,0.3623972386906858,0.16619831393014853,2905.0,2491.0,final,1
Fire Flash,2026-W04,4,2026-W07,0.18987168050504358,1.1898716805050435,0.13890179757243679,0.18987168050504358,17340.0,14573.0,final,2
Fire Flash,2026-W05,3,2026-W07,0.0560625814863103,1.0008920606601248,0.13890179757243679,0.0008920606601248885,14586.0,14573.0,final,2
Fire Flash,2026-W06,2,2026-W07,0.21869210183215534,1.2186921018321553,0.13890179757243679,0.21869210183215534,17760.0,14573.0,final,2
Fire Flash,2026-W07,1,2026-W07,0.409798943251218,1.409798943251218,0.13890179757243679,0.409798943251218,20545.0,14573.0,final,2
Fireworks,2026-W04,4,2026-W07,0.49528740209743793,1.3993097039692022,0.12260122407377554,0.3993097039692022,42164.0,30132.0,final,4
Fireworks,2026-W05,3,2026-W07,0.5125779901765565,1.3410659763706358,0.12260122407377554,0.34106597637063585,40409.0,30132.0,final,4
Fireworks,2026-W06,2,2026-W07,0.5894397982211602,1.0648148148148149,0.12260122407377554,0.06481481481481481,32085.0,30132.0,final,4
Fireworks,2026-W07,1,2026-W07,0.17804991371299614,1.178049913712996,0.12260122407377554,0.17804991371299614,35497.0,30132.0,final,4
Flinders Lane,2026-W04,4,2026-W07,0.10088411746131987,1.1008841174613198,0.4415395838063746,0.10088411746131987,6973.0,6334.0,final,1
Flinders Lane,2026-W05,3,2026-W07,0.44316387748658037,0.5568361225134196,0.4415395838063746,-0.44316387748658037,3527.0,6334.0,final,1
Flinders Lane,2026-W06,2,2026-W07,0.21834543732238712,1.2183454373223872,0.4415395838063746,0.21834543732238712,7717.0,6334.0,final,1
Flinders Lane,2026-W07,1,2026-W07,0.8206504578465424,1.8206504578465426,0.4415395838063746,0.8206504578465424,11532.0,6334.0,final,1
Gelato,2026-W04,4,2026-W07,0.20844372275873857,0.8718912913426203,0.43633075938040383,-0.12810870865737972,10202.0,11701.0,final,2
Gelato,2026-W05,3,2026-W07,0.26972053670626445,0.8572771557986497,0.43633075938040383,-0.1427228442013503,10031.0,11701.0,final,2
Gelato,2026-W06,2,2026-W07,0.2644218442868131,1.1331510127339544,0.43633075938040383,0.13315101273395435,13259.0,11701.0,final,2
Gelato,2026-W07,1,2026-W07,0.9795743953508247,1.9795743953508247,0.43633075938040383,0.9795743953508247,23163.0,11701.0,final,2
Gentle Trend Setter,2026-W04,4,2026-W07,0.8252025797916323,1.7263105672234165,0.10520079463348143,0.7263105672234166,10439.0,6047.0,final,2
Gentle Trend Setter,2026-W05,3,2026-W07,0.39639490656523896,1.3877956011245245,0.10520079463348143,0.38779560112452455,8392.0,6047.0,final,2
Gentle Trend Setter,2026-W06,2,2026-W07,0.5754919794939639,1.5129816437903092,0.10520079463348143,0.5129816437903092,9149.0,6047.0,final,2
Gentle Trend Setter,2026-W07,1,2026-W07,0.7254837109310401,1.7254837109310401,0.10520079463348143,0.7254837109310401,10434.0,6047.0,final,2
Gissele,2026-W04,4,2026-W07,0.29395133994345557,1.2784215346633219,0.29829718339679073,0.2784215346633218,32105.0,25113.0,final,3
Gissele,2026-W05,3,2026-W07,0.6188428304065623,1.4436347708358221,0.29829718339679073,0.4436347708358221,36254.0,25113.0,final,3
Gissele,2026-W06,2,2026-W07,0.3825508700672958,0.668020547126986,0.29829718339679073,-0.331979452873014,16776.0,25113.0,final,3
Gissele,2026-W07,1,2026-W07,0.11344721857205431,1.0907498108549356,0.29829718339679073,0.09074981085493569,27392.0,25113.0,final,3
Grand Trend Setter,2026-W04,4,2026-W07,0.4515669515669516,0.5484330484330484,0.2622412074272055,-0.4515669515669516,3850.0,7020.0,final,1
Grand Trend Setter,2026-W05,3,2026-W07,0.2341880341880342,0.7658119658119659,0.2622412074272055,-0.2341880341880342,5376.0,7020.0,final,1
Grand Trend Setter,2026-W06,2,2026-W07,0.2725071225071225,0.7274928774928775,0.2622412074272055,-0.2725071225071225,5107.0,7020.0,final,1
Grand Trend Setter,2026-W07,1,2026-W07,0.037037037037037035,1.037037037037037,0.2622412074272055,0.037037037037037035,7280.0,7020.0,final,1
Impressionist,2026-W04,4,2026-W07,0.8716968011126565,1.8716968011126565,0.2320632765183406,0.8716968011126565,5383.0,2876.0,final,1
Impressionist,2026-W05,3,2026-W07,0.04102920723226704,1.041029207232267,0.2320632765183406,0.04102920723226704,2994.0,2876.0,final,1
Impressionist,2026-W06,2,2026-W07,0.5601529902642559,1.560152990264256,0.2320632765183406,0.5601529902642559,4487.0,2876.0,final,1
Impressionist,2026-W07,1,2026-W07,0.44575799721835885,1.4457579972183587,0.2320632765183406,0.44575799721835885,4158.0,2876.0,final,1
Julietta,2026-W04,4,2026-W07,0.5487323016134343,1.5487323016134342,0.28959739780686905,0.5487323016134343,18814.0,12148.0,final,3
Julietta,2026-W05,3,2026-W07,0.6592031610141587,1.3393151135989463,0.28959739780686905,0.33931511359894634,16270.0,12148.0,final,3
Julietta,2026-W06,2,2026-W07,0.27230819888047414,0.7276918011195258,0.28959739780686905,-0.27230819888047414,8840.0,12148.0,final,3
Julietta,2026-W07,1,2026-W07,0.4344748106684228,1.4209746460322688,0.28959739780686905,0.4209746460322687,17262.0,12148.0,final,3
Jumilia,2026-W04,4,2026-W07,0.6491863804184329,0.3508136195815671,0.5479981066377443,-0.6491863804184329,5131.0,14626.0,final,1
Jumilia,2026-W05,3,2026-W07,0.5778750170928484,0.42212498290715167,0.5479981066377443,-0.5778750170928484,6174.0,14626.0,final,1
Jumilia,2026-W06,2,2026-W07,0.3620265281006427,0.6379734718993573,0.5479981066377443,-0.3620265281006427,9331.0,14626.0,final,1
Jumilia,2026-W07,1,2026-W07,0.11910296731847395,1.119102967318474,0.5479981066377443,0.11910296731847395,16368.0,14626.0,final,1
La Belle,2026-W04,4,2026-W07,0.12712895377128955,1.1271289537712896,0.5851720771035518,0.12712895377128955,12971.0,11508.0,final,1
La Belle,2026-W05,3,2026-W07,0.48479318734793186,0.5152068126520681,0.5851720771035518,-0.48479318734793186,5929.0,11508.0,final,1
La Belle,2026-W06,2,2026-W07,0.5571776155717761,0.44282238442822386,0.5851720771035518,-0.5571776155717761,5096.0,11508.0,final,1
La Belle,2026-W07,1,2026-W07,0.04466343937298294,1.0420124481327802,0.5851720771035518,0.042012448132780086,18081.0,17352.0,final,2
Lady Bombastic,2026-W04,4,2026-W07,0.3779348649330977,1.3779348649330978,0.2203456158594781,0.3779348649330977,10916.0,7922.0,final,1
Lady Bombastic,2026-W05,3,2026-W07,0.4449633930825549,1.444963393082555,0.2203456158594781,0.4449633930825549,11447.0,7922.0,final,1
Lady Bombastic,2026-W06,2,2026-W07,0.11499621307750568,0.8850037869224944,0.2203456158594781,-0.11499621307750568,7011.0,7922.0,final,1
Lady Bombastic,2026-W07,1,2026-W07,0.06955314314567028,1.0695531431456702,0.2203456158594781,0.06955314314567028,8473.0,7922.0,final,1
Lady Of The Dawn,2026-W04,4,2026-W07,0.22798667301285103,0.772013326987149,1.9064101978579284,-0.22798667301285103,3244.0,4202.0,final,1
Lady Of The Dawn,2026-W05,3,2026-W07,0.9919086149452642,0.00809138505473584,1.9064101978579284,-0.9919086149452642,34.0,4202.0,final,1
Lady Of The Dawn,2026-W06,2,2026-W07,0.9900047596382675,0.009995240361732508,1.9064101978579284,-0.9900047596382675,42.0,4202.0,final,1
Lady Of The Dawn,2026-W07,1,2026-W07,0.9900047596382675,0.009995240361732508,1.9064101978579284,-0.9900047596382675,42.0,4202.0,final,1
Leila,2026-W04,4,2026-W07,0.13065589353612167,0.9838878326996198,0.05895634867329819,-0.016112167300380228,20701.0,21040.0,final,2
Leila,2026-W05,3,2026-W07,0.29947718631178705,0.9251425855513308,0.05895634867329819,-0.0748574144486692,19465.0,21040.0,final,2
Leila,2026-W06,2,2026-W07,0.27057984790874523,0.8842680608365019,0.05895634867329819,-0.1157319391634981,18605.0,21040.0,final,2
Leila,2026-W07,1,2026-W07,0.24405893536121673,0.8609790874524715,0.05895634867329819,-0.13902091254752852,18115.0,21040.0,final,2
Lianne,2026-W04,4,2026-W07,0.25257104194857916,1.0725981055480378,0.11129327321790225,0.07259810554803789,15853.0,14780.0,final,3
Lianne,2026-W05,3,2026-W07,0.20561569688768605,0.8767929634641407,0.11129327321790225,-0.12320703653585927,12959.0,14780.0,final,3
Lianne,2026-W06,2,2026-W07,0.35696887686062245,0.9909336941813262,0.11129327321790225,-0.009066305818673884,14646.0,14780.0,final,3
Lianne,2026-W07,1,2026-W07,0.2907307171853857,0.8439106901217862,0.11129327321790225,-0.1560893098782138,12473.0,14780.0,final,3
Madam Bombastic,2026-W04,4,2026-W07,1.003591043514998,2.003591043514998,0.1763920450665834,1.003591043514998,9485.0,4734.0,final,1
Madam Bombastic,2026-W05,3,2026-W07,0.9340937896070975,1.9340937896070975,0.1763920450665834,0.9340937896070975,9156.0,4734.0,final,1
Madam Bombastic,2026-W06,2,2026-W07,0.34558512885509085,1.3455851288550909,0.1763920450665834,0.34558512885509085,6370.0,4734.0,final,1
Madam Bombastic,2026-W07,1,2026-W07,1.0183776932826363,2.0183776932826363,0.1763920450665834,1.0183776932826363,9555.0,4734.0,final,1
Madam Cerise,2026-W04,4,2026-W07,0.28280083183665755,0.8332309291993573,0.337677003709826,-0.1667690708006428,35259.0,42316.0,final,2
Madam Cerise,2026-W05,3,2026-W07,0.2206257680310048,0.7793742319689951,0.337677003709826,-0.2206257680310048,32980.0,42316.0,final,2
Madam Cerise,2026-W06,2,2026-W07,0.37503544758483787,1.1180640892333868,0.337677003709826,0.1180640892333869,47312.0,42316.0,final,2
Madam Cerise,2026-W07,1,2026-W07,0.5733528688911995,1.5733528688911995,0.337677003709826,0.5733528688911995,66578.0,42316.0,final,2
Madam Pink,2026-W04,4,2026-W07,0.3672211953173136,1.3672211953173137,0.060526487077640134,0.3672211953173136,53256.0,38952.0,final,1
Madam Pink,2026-W05,3,2026-W07,0.3672211953173136,1.3672211953173137,0.060526487077640134,0.3672211953173136,53256.0,38952.0,final,1
Madam Pink,2026-W06,2,2026-W07,0.39299650852331075,1.3929965085233107,0.060526487077640134,0.39299650852331075,54260.0,38952.0,final,1
Madam Pink,2026-W07,1,2026-W07,0.5457742863010885,1.5457742863010886,0.060526487077640134,0.5457742863010885,60211.0,38952.0,final,1
Madam Red,2026-W04,4,2026-W07,0.058619155562146474,0.9621422367222422,0.4254750141000102,-0.03785776327775777,45416.0,47203.0,final,2
Madam Red,2026-W05,3,2026-W07,0.08656229476940025,0.9901277461178315,0.4254750141000102,-0.009872253882168506,46737.0,47203.0,final,2
Madam Red,2026-W06,2,2026-W07,0.19443679427155053,1.0925788615130394,0.4254750141000102,0.09257886151303943,51573.0,47203.0,final,2
Madam Red,2026-W07,1,2026-W07,1.1046967353769888,2.1046967353769888,0.4254750141000102,1.1046967353769888,99348.0,47203.0,final,2
Magic Avalanche,2026-W04,4,2026-W07,0.5402405180388529,1.540240518038853,0.3846560212236269,0.5402405180388529,4995.0,3243.0,final,1
Magic Avalanche,2026-W05,3,2026-W07,0.10946654332408264,0.8905334566759173,0.3846560212236269,-0.10946654332408264,2888.0,3243.0,final,1
Magic Avalanche,2026-W06,2,2026-W07,0.7298797409805735,1.7298797409805735,0.3846560212236269,0.7298797409805735,5610.0,3243.0,final,1
Magic Avalanche,2026-W07,1,2026-W07,0.23126734505087881,0.7687326549491211,0.3846560212236269,-0.23126734505087881,2493.0,3243.0,final,1
Maitai,2026-W04,4,2026-W07,0.4882834825681082,1.4882834825681082,0.041366116200755546,0.4882834825681082,15624.0,10498.0,final,1
Maitai,2026-W05,3,2026-W07,0.4876166888931225,1.4876166888931226,0.041366116200755546,0.4876166888931225,15617.0,10498.0,final,1
Maitai,2026-W06,2,2026-W07,0.539626595542008,1.539626595542008,0.041366116200755546,0.539626595542008,16163.0,10498.0,final,1
Maitai,2026-W07,1,2026-W07,0.6224042674795199,1.6224042674795198,0.041366116200755546,0.6224042674795199,17032.0,10498.0,final,1
Marisa,2026-W04,4,2026-W07,0.5837585977368538,1.5837585977368538,0.18470234927105,0.5837585977368538,14276.0,9014.0,final,2
Marisa,2026-W05,3,2026-W07,0.48812957621477704,1.488129576214777,0.18470234927105,0.48812957621477704,13414.0,9014.0,final,2
Marisa,2026-W06,2,2026-W07,0.36509873530064346,1.3650987353006434,0.18470234927105,0.36509873530064346,12305.0,9014.0,final,2
Marisa,2026-W07,1,2026-W07,0.32249833592189925,1.008986021743954,0.18470234927105,0.00898602174395385,9095.0,9014.0,final,2
Mirabel,2026-W04,4,2026-W07,0.44886586802827966,1.3141447368421053,0.14050697378455582,0.31414473684210525,53533.0,40736.0,final,5
Mirabel,2026-W05,3,2026-W07,0.36594167321288296,1.2312205420267086,0.14050697378455582,0.23122054202670855,50155.0,40736.0,final,5
Mirabel,2026-W06,2,2026-W07,0.6355557737627652,1.635555773762765,0.14050697378455582,0.6355557737627652,66626.0,40736.0,final,5
Mirabel,2026-W07,1,2026-W07,0.40801747839748626,1.2405489002356638,0.14050697378455582,0.24054890023566378,50535.0,40736.0,final,5
Miss Bombastic,2026-W04,4,2026-W07,0.36751332706177486,1.3675133270617748,0.30669438599352994,0.36751332706177486,4361.0,3189.0,final,1
Miss Bombastic,2026-W05,3,2026-W07,0.3408592035120728,0.6591407964879272,0.30669438599352994,-0.3408592035120728,2102.0,3189.0,final,1
Miss Bombastic,2026-W06,2,2026-W07,0.11539667607400439,0.8846033239259956,0.30669438599352994,-0.11539667607400439,2821.0,3189.0,final,1
Miss Bombastic,2026-W07,1,2026-W07,0.18187519598620258,1.1818751959862026,0.30669438599352994,0.18187519598620258,3769.0,3189.0,final,1
Misty Bubbles,2026-W04,4,2026-W07,0.6070986380520017,0.39290136194799835,0.30612778647201816,-0.6070986380520017,952.0,2423.0,final,1
Misty Bubbles,2026-W05,3,2026-W07,0.4255055716054478,0.5744944283945522,0.30612778647201816,-0.4255055716054478,1392.0,2423.0,final,1
Misty Bubbles,2026-W06,2,2026-W07,0.27280231118448206,0.7271976888155179,0.30612778647201816,-0.27280231118448206,1762.0,2423.0,final,1
Misty Bubbles,2026-W07,1,2026-W07,0.15971935617003716,0.8402806438299628,0.30612778647201816,-0.15971935617003716,2036.0,2423.0,final,1
Moonwalk,2026-W04,4,2026-W07,0.32274684169666173,1.3227468416966617,0.26287787328605144,0.32274684169666173,18742.0,14169.0,final,1
Moonwalk,2026-W05,3,2026-W07,0.43079963300162327,1.4307996330016233,0.26287787328605144,0.43079963300162327,20273.0,14169.0,final,1
Moonwalk,2026-W06,2,2026-W07,0.2684028512950808,0.7315971487049192,0.26287787328605144,-0.2684028512950808,10366.0,14169.0,final,1
Moonwalk,2026-W07,1,2026-W07,0.2864704636883337,1.2864704636883337,0.26287787328605144,0.2864704636883337,18228.0,14169.0,final,1
My Beauty,2026-W04,4,2026-W07,0.8552712384851586,1.8552712384851586,0.6092561975451483,0.8552712384851586,9063.0,4885.0,final,1
My Beauty,2026-W05,3,2026-W07,0.5177072671443194,1.5177072671443192,0.6092561975451483,0.5177072671443194,7414.0,4885.0,final,1
My Beauty,2026-W06,2,2026-W07,0.48597748208802455,0.5140225179119754,0.6092561975451483,-0.48597748208802455,2511.0,4885.0,final,1
My Beauty,2026-W07,1,2026-W07,0.4382804503582395,0.5617195496417605,0.6092561975451483,-0.4382804503582395,2744.0,4885.0,final,1
Nalani,2026-W04,4,2026-W07,0.43227899432278993,0.5677210056772101,0.5643886098044631,-0.43227899432278993,3500.0,6165.0,final,2
Nalani,2026-W05,3,2026-W07,0.5369018653690186,0.4630981346309814,0.5643886098044631,-0.5369018653690186,2855.0,6165.0,final,2
Nalani,2026-W06,2,2026-W07,0.5276561232765612,0.5755068937550689,0.5643886098044631,-0.4244931062449311,3548.0,6165.0,final,2
Nalani,2026-W07,1,2026-W07,0.3686942416869424,1.3686942416869423,0.5643886098044631,0.3686942416869424,8438.0,6165.0,final,2
Nathalie,2026-W04,4,2026-W07,0.383039614399759,0.616960385600241,0.19738265323172882,-0.383039614399759,8192.0,13278.0,final,1
Nathalie,2026-W05,3,2026-W07,0.47748154842596774,0.5225184515740322,0.19738265323172882,-0.47748154842596774,6938.0,13278.0,final,1
Nathalie,2026-W06,2,2026-W07,0.5194306371441482,0.4805693628558518,0.19738265323172882,-0.5194306371441482,6381.0,13278.0,final,1
Nathalie,2026-W07,1,2026-W07,0.6209519505949691,0.3790480494050309,0.19738265323172882,-0.6209519505949691,5033.0,13278.0,final,1
Odilia,2026-W04,4,2026-W07,0.16072120294397296,0.9433743001021234,0.1745509152888449,-0.05662569989787654,26789.0,28397.0,final,2
Odilia,2026-W05,3,2026-W07,0.2760502870021481,1.2219600662041765,0.1745509152888449,0.2219600662041765,34700.0,28397.0,final,2
Odilia,2026-W06,2,2026-W07,0.3303165827376131,1.330316582737613,0.1745509152888449,0.3303165827376131,37777.0,28397.0,final,2
Odilia,2026-W07,1,2026-W07,0.04588512871077931,0.9541148712892207,0.1745509152888449,-0.04588512871077931,27094.0,28397.0,final,2
Orange Strike,2026-W04,4,2026-W07,0.22488839285714285,1.2248883928571428,0.6861953672656572,0.22488839285714285,17560.0,14336.0,final,2
Orange Strike,2026-W05,3,2026-W07,0.13692801339285715,1.1369280133928572,0.6861953672656572,0.13692801339285715,16299.0,14336.0,final,2
Orange Strike,2026-W06,2,2026-W07,0.27783203125,0.72216796875,0.6861953672656572,-0.27783203125,10353.0,14336.0,final,2
Orange Strike,2026-W07,1,2026-W07,2.2412109375,3.1060267857142856,0.6861953672656572,2.1060267857142856,44528.0,14336.0,final,2
Paranita,2026-W04,4,2026-W07,0.006327024647887324,1.0063270246478873,0.44294340599513565,0.006327024647887324,18291.0,18176.0,final,1
Paranita,2026-W05,3,2026-W07,0.18689480633802816,0.8131051936619719,0.44294340599513565,-0.18689480633802816,14779.0,18176.0,final,1
Paranita,2026-W06,2,2026-W07,0.6451914612676056,1.6451914612676057,0.44294340599513565,0.6451914612676056,29903.0,18176.0,final,1
Paranita,2026-W07,1,2026-W07,1.184143926056338,2.184143926056338,0.44294340599513565,1.184143926056338,39699.0,18176.0,final,1
Princess Peach,2026-W04,4,2026-W07,0.641057091882248,1.6011373773416593,0.15810412261170328,0.6011373773416593,14359.0,8968.0,final,2
Princess Peach,2026-W05,3,2026-W07,0.19279661016949154,1.1927966101694916,0.15810412261170328,0.19279661016949154,10697.0,8968.0,final,2
Princess Peach,2026-W06,2,2026-W07,0.1745093666369313,1.1348126672613739,0.15810412261170328,0.13481266726137378,10177.0,8968.0,final,2
Princess Peach,2026-W07,1,2026-W07,0.33920606601248887,1.3249330954504905,0.15810412261170328,0.32493309545049065,11882.0,8968.0,final,2
Reflex,2026-W04,4,2026-W07,0.2879608058106071,1.209915033575442,0.3131472751232974,0.20991503357544197,35315.0,29188.0,final,3
Reflex,2026-W05,3,2026-W07,0.7814170206934357,1.7814170206934357,0.3131472751232974,0.7814170206934357,51996.0,29188.0,final,3
Reflex,2026-W06,2,2026-W07,0.31588323968754284,1.3158832396875428,0.3131472751232974,0.31588323968754284,38408.0,29188.0,final,3
Reflex,2026-W07,1,2026-W07,0.23194463478141703,0.8073865972317391,0.3131472751232974,-0.19261340276826092,23566.0,29188.0,final,3
Revival,2026-W04,4,2026-W07,0.11256038647342995,1.11256038647343,0.14034264499868557,0.11256038647342995,13818.0,12420.0,final,2
Revival,2026-W05,3,2026-W07,0.2113526570048309,0.788647342995169,0.14034264499868557,-0.2113526570048309,9795.0,12420.0,final,2
Revival,2026-W06,2,2026-W07,0.02608695652173913,1.0260869565217392,0.14034264499868557,0.02608695652173913,12744.0,12420.0,final,2
Revival,2026-W07,1,2026-W07,0.05483091787439614,1.0144122383252818,0.14034264499868557,0.014412238325281804,12599.0,12420.0,final,2
Rowena,2026-W04,4,2026-W07,0.20060848069975282,1.2006084806997528,0.19715284754517562,0.20060848069975282,6314.0,5259.0,final,1
Rowena,2026-W05,3,2026-W07,0.8794447613614755,1.8794447613614755,0.19715284754517562,0.8794447613614755,9884.0,5259.0,final,1
Rowena,2026-W06,2,2026-W07,0.4356341509792736,1.4356341509792736,0.19715284754517562,0.4356341509792736,7550.0,5259.0,final,1
Rowena,2026-W07,1,2026-W07,0.7623122266590606,1.7623122266590607,0.19715284754517562,0.7623122266590606,9268.0,5259.0,final,1
Royal Park,2026-W04,4,2026-W07,0.43814878892733566,1.4381487889273357,0.307067044845557,0.43814878892733566,3325.0,2312.0,final,1
Royal Park,2026-W05,3,2026-W07,1.1081314878892734,2.108131487889273,0.307067044845557,1.1081314878892734,4874.0,2312.0,final,1
Royal Park,2026-W06,2,2026-W07,0.6773356401384083,1.6773356401384083,0.307067044845557,0.6773356401384083,3878.0,2312.0,final,1
Royal Park,2026-W07,1,2026-W07,0.031141868512110725,0.9688581314878892,0.307067044845557,-0.031141868512110725,2240.0,2312.0,final,1
Royal Porcelina,2026-W04,4,2026-W07,0.36256048123447104,1.3497449980384464,0.2919588750691613,0.34974499803844644,20643.0,15294.0,final,2
Royal Porcelina,2026-W05,3,2026-W07,0.7519288609912383,1.7519288609912385,0.2919588750691613,0.7519288609912383,26794.0,15294.0,final,2
Royal Porcelina,2026-W06,2,2026-W07,0.1728128677912907,0.8271871322087093,0.2919588750691613,-0.1728128677912907,12651.0,15294.0,final,2
Royal Porcelina,2026-W07,1,2026-W07,0.26644435726428667,1.2664443572642867,0.2919588750691613,0.26644435726428667,19369.0,15294.0,final,2
Salinero,2026-W04,4,2026-W07,0.24575082739664553,0.7542491726033544,0.0821190712697579,-0.24575082739664553,26892.0,35654.0,final,3
Salinero,2026-W05,3,2026-W07,0.3725809165871992,0.8857912155718853,0.0821190712697579,-0.11420878442811466,31582.0,35654.0,final,3
Salinero,2026-W06,2,2026-W07,0.39630896954058453,0.8453469456442475,0.0821190712697579,-0.15465305435575252,30140.0,35654.0,final,3
Salinero,2026-W07,1,2026-W07,0.08562854097716946,0.9143714590228306,0.0821190712697579,-0.08562854097716946,32601.0,35654.0,final,3
Silver Shadow,2026-W04,4,2026-W07,0.561952903464431,1.561952903464431,0.08790270784147834,0.561952903464431,12669.0,8111.0,final,1
Silver Shadow,2026-W05,3,2026-W07,0.42917026260633706,1.4291702626063372,0.08790270784147834,0.42917026260633706,11592.0,8111.0,final,1
Silver Shadow,2026-W06,2,2026-W07,0.3346073233879916,1.3346073233879916,0.08790270784147834,0.3346073233879916,10825.0,8111.0,final,1
Silver Shadow,2026-W07,1,2026-W07,0.2808531623720873,1.2808531623720874,0.08790270784147834,0.2808531623720873,10389.0,8111.0,final,1
Smashing,2026-W04,4,2026-W07,0.2813553607552259,0.7186446392447741,0.2227717145075036,-0.2813553607552259,4263.0,5932.0,final,1
Smashing,2026-W05,3,2026-W07,0.23449089683074847,0.7655091031692515,0.2227717145075036,-0.23449089683074847,4541.0,5932.0,final,1
Smashing,2026-W06,2,2026-W07,0.15323668240053945,1.1532366824005393,0.2227717145075036,0.15323668240053945,6841.0,5932.0,final,1
Smashing,2026-W07,1,2026-W07,0.016183412002697236,0.9838165879973028,0.2227717145075036,-0.016183412002697236,5836.0,5932.0,final,1
Snow Storm,2026-W04,4,2026-W07,0.51746409177083,0.48253590822917003,0.35162622259548343,-0.51746409177083,15017.0,31121.0,final,1
Snow Storm,2026-W05,3,2026-W07,0.550303653481572,0.44969634651842805,0.35162622259548343,-0.550303653481572,13995.0,31121.0,final,1
Snow Storm,2026-W06,2,2026-W07,0.25050608913595324,0.7494939108640468,0.35162622259548343,-0.25050608913595324,23325.0,31121.0,final,1
Snow Storm,2026-W07,1,2026-W07,0.06609684778766749,0.9339031522123326,0.35162622259548343,-0.06609684778766749,29064.0,31121.0,final,1
Snowflake,2026-W04,4,2026-W07,0.3228986715911122,0.76871984273545,0.08805577299205412,-0.23128015726454995,25809.0,33574.0,final,3
Snowflake,2026-W05,3,2026-W07,0.19598498838386846,0.8040150116161315,0.08805577299205412,-0.19598498838386846,26994.0,33574.0,final,3
Snowflake,2026-W06,2,2026-W07,0.15184368856853517,0.8481563114314649,0.08805577299205412,-0.15184368856853517,28476.0,33574.0,final,3
Snowflake,2026-W07,1,2026-W07,0.21802585333889318,0.9398939655685947,0.08805577299205412,-0.060106034431405254,31556.0,33574.0,final,3
Snowy Blossoms,2026-W04,4,2026-W07,1.0104937100954547,2.0104937100954547,0.19809742020539983,1.0104937100954547,31804.0,15819.0,final,3
Snowy Blossoms,2026-W05,3,2026-W07,0.787786838611796,1.7877868386117959,0.19809742020539983,0.787786838611796,28281.0,15819.0,final,3
Snowy Blossoms,2026-W06,2,2026-W07,0.8020734559706681,1.8020734559706681,0.19809742020539983,0.8020734559706681,28507.0,15819.0,final,3
Snowy Blossoms,2026-W07,1,2026-W07,0.2462861116379038,1.2223907958783742,0.19809742020539983,0.2223907958783741,19337.0,15819.0,final,3
Sparkling Bubbles,2026-W04,4,2026-W07,1.7584392810170977,2.7584392810170977,0.40921380055111634,1.7584392810170977,6292.0,2281.0,final,1
Sparkling Bubbles,2026-W05,3,2026-W07,1.138974134151688,2.1389741341516877,0.40921380055111634,1.138974134151688,4879.0,2281.0,final,1
Sparkling Bubbles,2026-W06,2,2026-W07,1.0504164839982464,2.050416483998246,0.40921380055111634,1.0504164839982464,4677.0,2281.0,final,1
Sparkling Bubbles,2026-W07,1,2026-W07,0.14993423936869793,0.850065760631302,0.40921380055111634,-0.14993423936869793,1939.0,2281.0,final,1
Summer Dance,2026-W04,4,2026-W07,0.8586345381526105,1.8586345381526104,0.2265583325305461,0.8586345381526105,18512.0,9960.0,final,1
Summer Dance,2026-W05,3,2026-W07,1.0325301204819277,2.0325301204819275,0.2265583325305461,1.0325301204819277,20244.0,9960.0,final,1
Summer Dance,2026-W06,2,2026-W07,0.2459839357429719,1.2459839357429718,0.2265583325305461,0.2459839357429719,12410.0,9960.0,final,1
Summer Dance,2026-W07,1,2026-W07,0.40562248995983935,1.4056224899598393,0.2265583325305461,0.40562248995983935,14000.0,9960.0,final,1
Summer Rose,2026-W04,4,2026-W07,0.6139444256184344,0.38605557438156557,0.38556510297853214,-0.6139444256184344,13671.0,35412.0,final,3
Summer Rose,2026-W05,3,2026-W07,0.45600361459392297,0.5439963854060771,0.38556510297853214,-0.45600361459392297,19264.0,35412.0,final,3
Summer Rose,2026-W06,2,2026-W07,0.3944425618434429,0.605557438156557,0.38556510297853214,-0.3944425618434429,21444.0,35412.0,final,3
Summer Rose,2026-W07,1,2026-W07,0.1159493956850785,0.9549870100530894,0.38556510297853214,-0.04501298994691065,33818.0,35412.0,final,3
Summer Time,2026-W04,4,2026-W07,0.6249588409614751,1.6249588409614752,0.37806098551301714,0.6249588409614751,4935.0,3037.0,final,1
Summer Time,2026-W05,3,2026-W07,2.6177148501810996,3.6177148501810996,0.37806098551301714,2.6177148501810996,10987.0,3037.0,final,1
Summer Time,2026-W06,2,2026-W07,1.281527823510043,2.281527823510043,0.37806098551301714,1.281527823510043,6929.0,3037.0,final,1
Summer Time,2026-W07,1,2026-W07,0.8719130721106355,1.8719130721106354,0.37806098551301714,0.8719130721106355,5685.0,3037.0,final,1
Sweet Gelato,2026-W04,4,2026-W07,0.5640841128967778,1.5640841128967777,0.0766327962562822,0.5640841128967778,19562.0,12507.0,final,2
Sweet Gelato,2026-W05,3,2026-W07,0.32733669145278643,1.3273366914527864,0.0766327962562822,0.32733669145278643,16601.0,12507.0,final,2
Sweet Gelato,2026-W06,2,2026-W07,0.3500439753737907,1.3500439753737907,0.0766327962562822,0.3500439753737907,16885.0,12507.0,final,2
Sweet Gelato,2026-W07,1,2026-W07,0.4611817382265931,1.461181738226593,0.0766327962562822,0.4611817382265931,18275.0,12507.0,final,2
Sweet Revival,2026-W04,4,2026-W07,0.5112522963870177,0.6086956521739131,0.27633067392881494,-0.391304347826087,15904.0,26128.0,final,2
Sweet Revival,2026-W05,3,2026-W07,0.3043095529699939,0.6956904470300062,0.27633067392881494,-0.3043095529699939,18177.0,26128.0,final,2
Sweet Revival,2026-W06,2,2026-W07,0.44898193508879364,0.5510180649112064,0.27633067392881494,-0.44898193508879364,14397.0,26128.0,final,2
Sweet Revival,2026-W07,1,2026-W07,0.16480404164115126,0.9937232088181261,0.27633067392881494,-0.006276791181873852,25964.0,26128.0,final,2
Tarantella,2026-W04,4,2026-W07,0.4311830216432024,1.4311830216432024,0.3157846123082991,0.4311830216432024,6811.0,4759.0,final,1
Tarantella,2026-W05,3,2026-W07,0.08510191216642152,0.9148980878335785,0.3157846123082991,-0.08510191216642152,4354.0,4759.0,final,1
Tarantella,2026-W06,2,2026-W07,0.175036772431183,0.824963227568817,0.3157846123082991,-0.175036772431183,3926.0,4759.0,final,1
Tarantella,2026-W07,1,2026-W07,0.25446522378650976,0.7455347762134902,0.3157846123082991,-0.25446522378650976,3548.0,4759.0,final,1
Trinity,2026-W04,4,2026-W07,0.18408796895213453,1.1840879689521346,0.14079545399209795,0.18408796895213453,9153.0,7730.0,final,1
Trinity,2026-W05,3,2026-W07,0.1260025873221216,0.8739974126778784,0.14079545399209795,-0.1260025873221216,6756.0,7730.0,final,1
Trinity,2026-W06,2,2026-W07,0.06196636481241915,0.9380336351875809,0.14079545399209795,-0.06196636481241915,7251.0,7730.0,final,1
Trinity,2026-W07,1,2026-W07,0.07115135834411385,0.9288486416558862,0.14079545399209795,-0.07115135834411385,7180.0,7730.0,final,1
Uzuri,2026-W04,4,2026-W07,0.03157489410858683,1.031574894108587,0.4188427536355994,0.03157489410858683,8037.0,7791.0,final,1
Uzuri,2026-W05,3,2026-W07,0.07444487228853805,0.925555127711462,0.4188427536355994,-0.07444487228853805,7211.0,7791.0,final,1
Uzuri,2026-W06,2,2026-W07,0.05223976383006033,1.0522397638300602,0.4188427536355994,0.05223976383006033,8198.0,7791.0,final,1
Uzuri,2026-W07,1,2026-W07,1.0586574252342447,2.0586574252342444,0.4188427536355994,1.0586574252342447,16039.0,7791.0,final,1
Wedding Invite,2026-W04,4,2026-W07,0.43286942284076957,1.4328694228407695,0.030124571354715766,0.43286942284076957,7001.0,4886.0,final,1
Wedding Invite,2026-W05,3,2026-W07,0.37453950061399915,1.374539500613999,0.030124571354715766,0.37453950061399915,6716.0,4886.0,final,1
Wedding Invite,2026-W06,2,2026-W07,0.36553417928776094,1.3655341792877609,0.030124571354715766,0.36553417928776094,6672.0,4886.0,final,1
Wedding Invite,2026-W07,1,2026-W07,0.3334015554645927,1.3334015554645928,0.030124571354715766,0.3334015554645927,6515.0,4886.0,final,1
