field_name,variety_name,forecast_week,horizon,horizon_week,wape,accuracy,forecast_stability_index,bias,total_forecast,total_harvest,forecast_kind
GH 9(A),Ariya,2026-W03,4,2026-W06,1.152341824157765,2.152341824157765,0.5304261710297073,1.152341824157765,13097.0,6085.0,raw
GH 9(A),Ariya,2026-W04,3,2026-W06,0.7689400164338538,1.7689400164338538,0.5304261710297073,0.7689400164338538,10764.0,6085.0,raw
GH 9(A),Ariya,2026-W05,2,2026-W06,0.13788003286770747,1.1378800328677074,0.5304261710297073,0.13788003286770747,6924.0,6085.0,raw
GH 9(A),Ariya,2026-W06,1,2026-W06,0.5209531635168447,0.4790468364831553,0.5304261710297073,-0.5209531635168447,2915.0,6085.0,raw
GH 13(C),Asteae,2026-W03,4,2026-W06,1.8668672433245581,2.866867243324558,0.42904198982512587,1.8668672433245581,15246.0,5318.0,raw
GH 13(C),Asteae,2026-W04,3,2026-W06,1.8162843174125611,2.816284317412561,0.42904198982512587,1.8162843174125611,14977.0,5318.0,raw
GH 13(C),Asteae,2026-W05,2,2026-W06,0.014855208725084619,1.0148552087250846,0.42904198982512587,0.014855208725084619,5397.0,5318.0,raw
GH 13(C),Asteae,2026-W06,1,2026-W06,0.7032719067318541,1.703271906731854,0.42904198982512587,0.7032719067318541,9058.0,5318.0,raw
GH 43(C),Asteae,2026-W03,4,2026-W06,0.6814303128809427,0.3185696871190573,0.528017578648646,-0.6814303128809427,784.0,2461.0,raw
GH 43(C),Asteae,2026-W04,3,2026-W06,0.5725314912637139,0.42746850873628606,0.528017578648646,-0.5725314912637139,1052.0,2461.0,raw
GH 43(C),Asteae,2026-W05,2,2026-W06,0.48029256399837467,0.5197074360016254,0.528017578648646,-0.48029256399837467,1279.0,2461.0,raw
GH 43(C),Asteae,2026-W06,1,2026-W06,0.0040633888663145065,0.9959366111336855,0.528017578648646,-0.0040633888663145065,2451.0,2461.0,raw
GH 25(A),Athena,2026-W03,4,2026-W06,0.48383318435409794,0.516166815645902,0.20413704328805027,-0.48383318435409794,33492.0,64886.0,raw
GH 25(A),Athena,2026-W04,3,2026-W06,0.6216132910026816,0.37838670899731836,0.20413704328805027,-0.6216132910026816,24552.0,64886.0,raw
GH 25(A),Athena,2026-W05,2,2026-W06,0.4577412693030854,0.5422587306969145,0.20413704328805027,-0.4577412693030854,35185.0,64886.0,raw
GH 25(A),Athena,2026-W06,1,2026-W06,0.36616527448139813,0.6338347255186019,0.20413704328805027,-0.36616527448139813,41127.0,64886.0,raw
GH 12(A),Azore,2026-W03,4,2026-W06,3.2196644557159577,4.219664455715958,0.7256199002247872,3.2196644557159577,10815.0,2563.0,raw
GH 12(A),Azore,2026-W04,3,2026-W06,2.3398361295357004,3.3398361295357004,0.7256199002247872,2.3398361295357004,8560.0,2563.0,raw
GH 12(A),Azore,2026-W05,2,2026-W06,0.42840421381193916,1.428404213811939,0.7256199002247872,0.42840421381193916,3661.0,2563.0,raw
GH 12(A),Azore,2026-W06,1,2026-W06,0.5251658213031604,0.47483417869683964,0.7256199002247872,-0.5251658213031604,1217.0,2563.0,raw
GH 28(B),Azore,2026-W03,4,2026-W06,0.7385793172690763,1.7385793172690762,0.341825032249151,0.7385793172690763,13853.0,7968.0,raw
GH 28(B),Azore,2026-W04,3,2026-W06,0.3401104417670683,1.3401104417670682,0.341825032249151,0.3401104417670683,10678.0,7968.0,raw
GH 28(B),Azore,2026-W05,2,2026-W06,0.0007530120481927711,1.0007530120481927,0.341825032249151,0.0007530120481927711,7974.0,7968.0,raw
GH 28(B),Azore,2026-W06,1,2026-W06,0.2129769076305221,0.7870230923694779,0.341825032249151,-0.2129769076305221,6271.0,7968.0,raw
GH 11(B),Babe,2026-W03,4,2026-W06,1.0830608240680184,2.0830608240680184,0.5147302324095656,1.0830608240680184,3185.0,1529.0,raw
GH 11(B),Babe,2026-W04,3,2026-W06,0.37671680837148463,1.3767168083714847,0.5147302324095656,0.37671680837148463,2105.0,1529.0,raw
GH 11(B),Babe,2026-W05,2,2026-W06,0.013734466971877043,0.9862655330281229,0.5147302324095656,-0.013734466971877043,1508.0,1529.0,raw
GH 11(B),Babe,2026-W06,1,2026-W06,0.434270765206017,0.565729234793983,0.5147302324095656,-0.434270765206017,865.0,1529.0,raw
GH 17(A),Babe,2026-W03,4,2026-W06,2.221690590111643,3.221690590111643,0.1300859060363782,2.221690590111643,14140.0,4389.0,raw
GH 17(A),Babe,2026-W04,3,2026-W06,1.9332421964000912,2.933242196400091,0.1300859060363782,1.9332421964000912,12874.0,4389.0,raw
GH 17(A),Babe,2026-W05,2,2026-W06,2.518341307814992,3.518341307814992,0.1300859060363782,2.518341307814992,15442.0,4389.0,raw
GH 17(A),Babe,2026-W06,1,2026-W06,1.5860104807473228,2.5860104807473228,0.1300859060363782,1.5860104807473228,11350.0,4389.0,raw
GH 34(B),Baby Follies,2026-W03,4,2026-W06,0.26992181001497256,1.2699218100149725,0.2725369460051934,0.26992181001497256,15267.0,12022.0,raw
GH 34(B),Baby Follies,2026-W04,3,2026-W06,0.0332723340542339,0.9667276659457661,0.2725369460051934,-0.0332723340542339,11622.0,12022.0,raw
GH 34(B),Baby Follies,2026-W05,2,2026-W06,0.1834137414739644,0.8165862585260356,0.2725369460051934,-0.1834137414739644,9817.0,12022.0,raw
GH 34(B),Baby Follies,2026-W06,1,2026-W06,0.3230743636666112,0.6769256363333888,0.2725369460051934,-0.3230743636666112,8138.0,12022.0,raw
GH 7(B),Bandolero,2026-W03,4,2026-W06,0.45585585585585586,1.4558558558558559,0.26890785925683697,0.45585585585585586,16968.0,11655.0,raw
GH 7(B),Bandolero,2026-W04,3,2026-W06,0.4453024453024453,1.4453024453024452,0.26890785925683697,0.4453024453024453,16845.0,11655.0,raw
GH 7(B),Bandolero,2026-W05,2,2026-W06,0.23131703131703132,1.2313170313170314,0.26890785925683697,0.23131703131703132,14351.0,11655.0,raw
GH 7(B),Bandolero,2026-W06,1,2026-W06,0.24607464607464608,0.753925353925354,0.26890785925683697,-0.24607464607464608,8787.0,11655.0,raw
GH 4(A),Belle Rose,2026-W03,4,2026-W06,0.48093994778067883,0.5190600522193212,0.5998105836002048,-0.48093994778067883,9940.0,19150.0,raw
GH 4(A),Belle Rose,2026-W04,3,2026-W06,0.23994778067885117,0.7600522193211489,0.5998105836002048,-0.23994778067885117,14555.0,19150.0,raw
GH 4(A),Belle Rose,2026-W05,2,2026-W06,0.4603655352480418,0.5396344647519582,0.5998105836002048,-0.4603655352480418,10334.0,19150.0,raw
GH 4(A),Belle Rose,2026-W06,1,2026-W06,0.611644908616188,1.611644908616188,0.5998105836002048,0.611644908616188,30863.0,19150.0,raw
GH (5) A,Camaro,2026-W03,4,2026-W06,0.024393160349157002,1.024393160349157,0.1114581562516116,0.024393160349157002,42835.0,41815.0,raw
GH (5) A,Camaro,2026-W04,3,2026-W06,0.019777591773287098,0.9802224082267129,0.1114581562516116,-0.019777591773287098,40988.0,41815.0,raw
GH (5) A,Camaro,2026-W05,2,2026-W06,0.1948822192992945,0.8051177807007055,0.1114581562516116,-0.1948822192992945,33666.0,41815.0,raw
GH (5) A,Camaro,2026-W06,1,2026-W06,0.03704412292239627,1.0370441229223963,0.1114581562516116,0.03704412292239627,43364.0,41815.0,raw
GH 3(A),Cheyenne,2026-W03,4,2026-W06,1.0899346405228758,2.089934640522876,0.435790257103675,1.0899346405228758,23982.0,11475.0,raw
GH 3(A),Cheyenne,2026-W04,3,2026-W06,0.6814814814814815,1.6814814814814816,0.435790257103675,0.6814814814814815,19295.0,11475.0,raw
GH 3(A),Cheyenne,2026-W05,2,2026-W06,0.42091503267973857,1.4209150326797386,0.435790257103675,0.42091503267973857,16305.0,11475.0,raw
GH 3(A),Cheyenne,2026-W06,1,2026-W06,0.403921568627451,0.596078431372549,0.435790257103675,-0.403921568627451,6840.0,11475.0,raw
GH 20(A),Chococcino,2026-W03,4,2026-W06,4.236328125,5.236328125,0.6299923291897674,4.236328125,2681.0,512.0,raw
GH 20(A),Chococcino,2026-W04,3,2026-W06,3.044921875,4.044921875,0.6299923291897674,3.044921875,2071.0,512.0,raw
GH 20(A),Chococcino,2026-W05,2,2026-W06,1.705078125,2.705078125,0.6299923291897674,1.705078125,1385.0,512.0,raw
GH 20(A),Chococcino,2026-W06,1,2026-W06,0.390625,0.609375,0.6299923291897674,-0.390625,312.0,512.0,raw
GH 12(B),Destini,2026-W03,4,2026-W06,0.16215910376824713,0.8378408962317528,0.2258293980843061,-0.16215910376824713,7404.0,8837.0,raw
GH 12(B),Destini,2026-W04,3,2026-W06,0.08951001471087473,0.9104899852891253,0.2258293980843061,-0.08951001471087473,8046.0,8837.0,raw
GH 12(B),Destini,2026-W05,2,2026-W06,0.08860473011202898,1.088604730112029,0.2258293980843061,0.08860473011202898,9620.0,8837.0,raw
GH 12(B),Destini,2026-W06,1,2026-W06,0.3825959035871902,0.6174040964128098,0.2258293980843061,-0.3825959035871902,5456.0,8837.0,raw
GH 14(D),Dima Bombastic,2026-W03,4,2026-W06,3.0021574973031284,4.002157497303128,0.7973795765231945,3.0021574973031284,3710.0,927.0,raw
GH 14(D),Dima Bombastic,2026-W04,3,2026-W06,0.7864077669902912,1.7864077669902914,0.7973795765231945,0.7864077669902912,1656.0,927.0,raw
GH 14(D),Dima Bombastic,2026-W05,2,2026-W06,0.04638619201725998,0.95361380798274,0.7973795765231945,-0.04638619201725998,884.0,927.0,raw
GH 14(D),Dima Bombastic,2026-W06,1,2026-W06,0.26105717367853293,0.7389428263214671,0.7973795765231945,-0.26105717367853293,685.0,927.0,raw
GH 18(D),Dima Bombastic,2026-W05,2,2026-W06,2.5207496653279784,3.5207496653279784,1.1267816000803568,2.5207496653279784,5260.0,1494.0,raw
GH 18(D),Dima Bombastic,2026-W06,1,2026-W06,0.6017402945113789,0.39825970548862116,1.1267816000803568,-0.6017402945113789,595.0,1494.0,raw
GH 24(A),Dinara,2026-W03,4,2026-W06,0.9674479166666666,1.9674479166666667,0.3958703063181045,0.9674479166666666,42308.0,21504.0,raw
GH 24(A),Dinara,2026-W04,3,2026-W06,0.06715029761904762,1.0671502976190477,0.3958703063181045,0.06715029761904762,22948.0,21504.0,raw
GH 24(A),Dinara,2026-W05,2,2026-W06,0.8543526785714286,1.8543526785714286,0.3958703063181045,0.8543526785714286,39876.0,21504.0,raw
GH 24(A),Dinara,2026-W06,1,2026-W06,0.1702938988095238,0.8297061011904762,0.3958703063181045,-0.1702938988095238,17842.0,21504.0,raw
GH 11(D),Downtown,2026-W03,4,2026-W06,1.1790631547440886,2.1790631547440884,0.7021429610364844,1.1790631547440886,29121.0,13364.0,raw
GH 11(D),Downtown,2026-W04,3,2026-W06,0.0024693205627057766,1.0024693205627058,0.7021429610364844,0.0024693205627057766,13397.0,13364.0,raw
GH 11(D),Downtown,2026-W05,2,2026-W06,0.45046393295420534,0.5495360670457947,0.7021429610364844,-0.45046393295420534,7344.0,13364.0,raw
GH 11(D),Downtown,2026-W06,1,2026-W06,0.4046692607003891,0.5953307392996109,0.7021429610364844,-0.4046692607003891,7956.0,13364.0,raw
GH 16(D),Dynamite,2026-W03,4,2026-W06,2.8783783783783785,3.8783783783783785,0.2511236106316062,2.8783783783783785,13202.0,3404.0,raw
GH 16(D),Dynamite,2026-W04,3,2026-W06,1.6366039952996474,2.6366039952996476,0.2511236106316062,1.6366039952996474,8975.0,3404.0,raw
GH 16(D),Dynamite,2026-W05,2,2026-W06,1.8545828437132785,2.8545828437132785,0.2511236106316062,1.8545828437132785,9717.0,3404.0,raw
GH 16(D),Dynamite,2026-W06,1,2026-W06,1.1618683901292597,2.1618683901292597,0.2511236106316062,1.1618683901292597,7359.0,3404.0,raw
GH 11(A),Eyeliner,2026-W03,4,2026-W06,3.908267716535433,4.908267716535433,0.7844309255664828,3.908267716535433,12467.0,2540.0,raw
GH 11(A),Eyeliner,2026-W04,3,2026-W06,1.421259842519685,2.421259842519685,0.7844309255664828,1.421259842519685,6150.0,2540.0,raw
GH 11(A),Eyeliner,2026-W05,2,2026-W06,0.21968503937007874,0.7803149606299212,0.7844309255664828,-0.21968503937007874,1982.0,2540.0,raw
GH 11(A),Eyeliner,2026-W06,1,2026-W06,0.2767716535433071,1.2767716535433071,0.7844309255664828,0.2767716535433071,3243.0,2540.0,raw
GH 15(C),Fire Flash,2026-W03,4,2026-W06,0.12134299247701309,0.8786570075229869,0.4001626490209963,-0.12134299247701309,12614.0,14356.0,raw
GH 15(C),Fire Flash,2026-W04,3,2026-W06,0.5013931457230426,0.4986068542769574,0.4001626490209963,-0.5013931457230426,7158.0,14356.0,raw
GH 15(C),Fire Flash,2026-W05,2,2026-W06,0.47478406241292836,0.5252159375870716,0.4001626490209963,-0.47478406241292836,7540.0,14356.0,raw
GH 15(C),Fire Flash,2026-W06,1,2026-W06,0.653106714962385,0.3468932850376149,0.4001626490209963,-0.653106714962385,4980.0,14356.0,raw
GH 16(A),Fire Flash,2026-W03,4,2026-W06,0.39414298018949184,1.3941429801894918,0.4644290697770606,0.39414298018949184,8093.0,5805.0,raw
GH 16(A),Fire Flash,2026-W04,3,2026-W06,0.09078380706287684,1.0907838070628768,0.4644290697770606,0.09078380706287684,6332.0,5805.0,raw
GH 16(A),Fire Flash,2026-W05,2,2026-W06,0.27200689061154176,0.7279931093884582,0.4644290697770606,-0.27200689061154176,4226.0,5805.0,raw
GH 16(A),Fire Flash,2026-W06,1,2026-W06,0.5748492678725237,0.42515073212747634,0.4644290697770606,-0.5748492678725237,2468.0,5805.0,raw
GH 23(A),Fireworks,2026-W03,4,2026-W06,3.085191082802548,4.085191082802548,0.47834055589949614,3.085191082802548,20524.0,5024.0,raw
GH 23(A),Fireworks,2026-W04,3,2026-W06,1.1435111464968153,2.1435111464968153,0.47834055589949614,1.1435111464968153,10769.0,5024.0,raw
GH 23(A),Fireworks,2026-W05,2,2026-W06,0.5410031847133758,1.5410031847133758,0.47834055589949614,0.5410031847133758,7742.0,5024.0,raw
GH 23(A),Fireworks,2026-W06,1,2026-W06,0.8375796178343949,1.8375796178343948,0.47834055589949614,0.8375796178343949,9232.0,5024.0,raw
GH 28(A),Fireworks,2026-W03,4,2026-W06,1.2323160634019399,2.23231606340194,0.36128989928012933,1.2323160634019399,28308.0,12681.0,raw
GH 28(A),Fireworks,2026-W04,3,2026-W06,0.17703651131614226,1.1770365113161423,0.36128989928012933,0.17703651131614226,14926.0,12681.0,raw
GH 28(A),Fireworks,2026-W05,2,2026-W06,0.3061272770286255,1.3061272770286254,0.36128989928012933,0.3061272770286255,16563.0,12681.0,raw
GH 28(A),Fireworks,2026-W06,1,2026-W06,0.10196356754199196,1.1019635675419919,0.36128989928012933,0.10196356754199196,13974.0,12681.0,raw
GH 32(B),Fireworks,2026-W03,4,2026-W06,1.6291423301567785,2.6291423301567782,0.6849218485150617,1.6291423301567785,42763.0,16265.0,raw
GH 32(B),Fireworks,2026-W04,3,2026-W06,1.3277589916999692,2.3277589916999695,0.6849218485150617,1.3277589916999692,37861.0,16265.0,raw
GH 32(B),Fireworks,2026-W05,2,2026-W06,0.3013833384568091,0.6986166615431909,0.6849218485150617,-0.3013833384568091,11363.0,16265.0,raw
GH 32(B),Fireworks,2026-W06,1,2026-W06,0.4151245004611128,0.5848754995388872,0.6849218485150617,-0.4151245004611128,9513.0,16265.0,raw
GH 33(A),Fireworks,2026-W03,4,2026-W06,2.3112582781456954,3.3112582781456954,0.4872915821498555,2.3112582781456954,10500.0,3171.0,raw
GH 33(A),Fireworks,2026-W04,3,2026-W06,1.6474298328602965,2.6474298328602965,0.4872915821498555,1.6474298328602965,8395.0,3171.0,raw
GH 33(A),Fireworks,2026-W05,2,2026-W06,0.22737306843267108,1.2273730684326711,0.4872915821498555,0.22737306843267108,3892.0,3171.0,raw
GH 33(A),Fireworks,2026-W06,1,2026-W06,0.2835067801955219,1.283506780195522,0.4872915821498555,0.2835067801955219,4070.0,3171.0,raw
GH 13(B),Flinders Lane,2026-W03,4,2026-W06,0.8265579859678085,1.8265579859678085,0.6934360450524277,0.8265579859678085,17703.0,9692.0,raw
GH 13(B),Flinders Lane,2026-W04,3,2026-W06,0.2660957490713991,0.7339042509286009,0.6934360450524277,-0.2660957490713991,7113.0,9692.0,raw
GH 13(B),Flinders Lane,2026-W05,2,2026-W06,0.41890218737102763,0.5810978126289723,0.6934360450524277,-0.41890218737102763,5632.0,9692.0,raw
GH 13(B),Flinders Lane,2026-W06,1,2026-W06,0.5321914981427982,0.4678085018572018,0.6934360450524277,-0.5321914981427982,4534.0,9692.0,raw
GH (10),Gelato,2026-W03,4,2026-W06,0.05606868739430207,1.0560686873943022,0.21130926596250732,0.05606868739430207,8118.0,7687.0,raw
GH (10),Gelato,2026-W04,3,2026-W06,0.03746585143749187,1.037465851437492,0.21130926596250732,0.03746585143749187,7975.0,7687.0,raw
GH (10),Gelato,2026-W05,2,2026-W06,0.03967737739039937,0.9603226226096007,0.21130926596250732,-0.03967737739039937,7382.0,7687.0,raw
GH (10),Gelato,2026-W06,1,2026-W06,0.3630805255626382,0.6369194744373617,0.21130926596250732,-0.3630805255626382,4896.0,7687.0,raw
GH (15) B,Gelato,2026-W03,4,2026-W06,0.5271082508651569,0.47289174913484305,0.2436731908187054,-0.5271082508651569,7789.0,16471.0,raw
GH (15) B,Gelato,2026-W04,3,2026-W06,0.23082994353712585,0.7691700564628742,0.2436731908187054,-0.23082994353712585,12669.0,16471.0,raw
GH (15) B,Gelato,2026-W05,2,2026-W06,0.22991925201869953,0.7700807479813004,0.2436731908187054,-0.22991925201869953,12684.0,16471.0,raw
GH (15) B,Gelato,2026-W06,1,2026-W06,0.46390625948637,0.53609374051363,0.2436731908187054,-0.46390625948637,8830.0,16471.0,raw
GH 16(C),Gentle Trend Setter,2026-W03,4,2026-W06,0.8243282288355966,1.8243282288355966,0.4206205010571303,0.8243282288355966,6314.0,3461.0,raw
GH 16(C),Gentle Trend Setter,2026-W04,3,2026-W06,0.03264952325917365,0.9673504767408263,0.4206205010571303,-0.03264952325917365,3348.0,3461.0,raw
GH 16(C),Gentle Trend Setter,2026-W05,2,2026-W06,0.23259173649234324,0.7674082635076568,0.4206205010571303,-0.23259173649234324,2656.0,3461.0,raw
GH 16(C),Gentle Trend Setter,2026-W06,1,2026-W06,0.05316382548396417,0.9468361745160359,0.4206205010571303,-0.05316382548396417,3277.0,3461.0,raw
GH 25(B),Gentle Trend Setter,2026-W03,4,2026-W06,0.5737946867825516,1.5737946867825516,0.38356319384152826,0.5737946867825516,9597.0,6098.0,raw
GH 25(B),Gentle Trend Setter,2026-W04,3,2026-W06,0.26238110856018365,0.7376188914398163,0.38356319384152826,-0.26238110856018365,4498.0,6098.0,raw
GH 25(B),Gentle Trend Setter,2026-W05,2,2026-W06,0.0975729747458183,0.9024270252541817,0.38356319384152826,-0.0975729747458183,5503.0,6098.0,raw
GH 25(B),Gentle Trend Setter,2026-W06,1,2026-W06,0.19498196129878648,0.8050180387012135,0.38356319384152826,-0.19498196129878648,4909.0,6098.0,raw
GH 10(B),Gissele,2026-W03,4,2026-W06,1.3559976594499707,2.3559976594499705,0.29502569571069626,1.3559976594499707,20132.0,8545.0,raw
GH 10(B),Gissele,2026-W04,3,2026-W06,1.333996489174956,2.333996489174956,0.29502569571069626,1.333996489174956,19944.0,8545.0,raw
GH 10(B),Gissele,2026-W05,2,2026-W06,0.46834406085430075,1.4683440608543008,0.29502569571069626,0.46834406085430075,12547.0,8545.0,raw
GH 10(B),Gissele,2026-W06,1,2026-W06,0.3219426565242832,1.321942656524283,0.29502569571069626,0.3219426565242832,11296.0,8545.0,raw
GH 11(C),Gissele,2026-W03,4,2026-W06,4.6875,5.6875,0.6910677497396203,4.6875,2366.0,416.0,raw
GH 11(C),Gissele,2026-W04,3,2026-W06,11.971153846153847,12.971153846153847,0.6910677497396203,11.971153846153847,5396.0,416.0,raw
GH 11(C),Gissele,2026-W05,2,2026-W06,3.2091346153846154,4.209134615384615,0.6910677497396203,3.2091346153846154,1751.0,416.0,raw
GH 11(C),Gissele,2026-W06,1,2026-W06,2.0096153846153846,3.0096153846153846,0.6910677497396203,2.0096153846153846,1252.0,416.0,raw
GH 4(B),Gissele,2026-W03,4,2026-W06,0.4638574470469573,1.4638574470469572,0.12033815832487031,0.4638574470469573,13062.0,8923.0,raw
GH 4(B),Gissele,2026-W04,3,2026-W06,0.5030819231200269,1.503081923120027,0.12033815832487031,0.5030819231200269,13412.0,8923.0,raw
GH 4(B),Gissele,2026-W05,2,2026-W06,0.14557884119690687,1.1455788411969068,0.12033815832487031,0.14557884119690687,10222.0,8923.0,raw
GH 4(B),Gissele,2026-W06,1,2026-W06,0.3085285217976017,1.3085285217976017,0.12033815832487031,0.3085285217976017,11676.0,8923.0,raw
GH 33(C),Grand Trend Setter,2026-W03,4,2026-W06,0.40814338593415156,0.5918566140658484,0.29691446708137453,-0.40814338593415156,6076.0,10266.0,raw
GH 33(C),Grand Trend Setter,2026-W04,3,2026-W06,0.5936099746736802,0.4063900253263199,0.29691446708137453,-0.5936099746736802,4172.0,10266.0,raw
GH 33(C),Grand Trend Setter,2026-W05,2,2026-W06,0.7088447301772842,0.2911552698227158,0.29691446708137453,-0.7088447301772842,2989.0,10266.0,raw
GH 33(C),Grand Trend Setter,2026-W06,1,2026-W06,0.458308981102669,0.541691018897331,0.29691446708137453,-0.458308981102669,5561.0,10266.0,raw
GH 26(B),Impressionist,2026-W03,4,2026-W06,0.5653353057199211,1.565335305719921,0.3782213561622463,0.5653353057199211,6349.0,4056.0,raw
GH 26(B),Impressionist,2026-W04,3,2026-W06,0.0613905325443787,0.9386094674556213,0.3782213561622463,-0.0613905325443787,3807.0,4056.0,raw
GH 26(B),Impressionist,2026-W05,2,2026-W06,0.1294378698224852,0.8705621301775148,0.3782213561622463,-0.1294378698224852,3531.0,4056.0,raw
GH 26(B),Impressionist,2026-W06,1,2026-W06,0.31903353057199213,0.6809664694280079,0.3782213561622463,-0.31903353057199213,2762.0,4056.0,raw
GH (5) B,Julietta,2026-W03,4,2026-W06,2.425668449197861,3.425668449197861,0.4669100481617592,2.425668449197861,16015.0,4675.0,raw
GH (5) B,Julietta,2026-W04,3,2026-W06,2.5445989304812833,3.5445989304812833,0.4669100481617592,2.5445989304812833,16571.0,4675.0,raw
GH (5) B,Julietta,2026-W05,2,2026-W06,0.16449197860962567,1.1644919786096257,0.4669100481617592,0.16449197860962567,5444.0,4675.0,raw
GH (5) B,Julietta,2026-W06,1,2026-W06,0.8879144385026738,1.8879144385026738,0.4669100481617592,0.8879144385026738,8826.0,4675.0,raw
GH (7),Julietta,2026-W03,4,2026-W06,0.44490335370890466,1.4449033537089047,0.49384654854888876,0.44490335370890466,8746.0,6053.0,raw
GH (7),Julietta,2026-W04,3,2026-W06,0.21989096315876425,1.2198909631587642,0.49384654854888876,0.21989096315876425,7384.0,6053.0,raw
GH (7),Julietta,2026-W05,2,2026-W06,0.04328432182388898,1.043284321823889,0.49384654854888876,0.04328432182388898,6315.0,6053.0,raw
GH (7),Julietta,2026-W06,1,2026-W06,0.6980009912440113,0.3019990087559888,0.49384654854888876,-0.6980009912440113,1828.0,6053.0,raw
GH (8),Julietta,2026-W03,4,2026-W06,2.263308893847625,3.263308893847625,0.7491939537772462,2.263308893847625,10237.0,3137.0,raw
GH (8),Julietta,2026-W04,3,2026-W06,1.2827542237806822,2.282754223780682,0.7491939537772462,1.2827542237806822,7161.0,3137.0,raw
GH (8),Julietta,2026-W05,2,2026-W06,0.02231431303793433,0.9776856869620657,0.7491939537772462,-0.02231431303793433,3067.0,3137.0,raw
GH (8),Julietta,2026-W06,1,2026-W06,0.6130060567421103,0.3869939432578897,0.7491939537772462,-0.6130060567421103,1214.0,3137.0,raw
GH 12(C),Jumilia,2026-W03,4,2026-W06,0.3313014194978473,0.6686985805021527,0.3586820318099202,-0.3313014194978473,15687.0,23459.0,raw
GH 12(C),Jumilia,2026-W04,3,2026-W06,0.3713287011381559,0.628671298861844,0.3586820318099202,-0.3713287011381559,14748.0,23459.0,raw
GH 12(C),Jumilia,2026-W05,2,2026-W06,0.44119527686602156,0.5588047231339784,0.3586820318099202,-0.44119527686602156,13109.0,23459.0,raw
GH 12(C),Jumilia,2026-W06,1,2026-W06,0.7482416130269832,0.2517583869730168,0.3586820318099202,-0.7482416130269832,5906.0,23459.0,raw
GH 21(B),La Belle,2026-W03,4,2026-W06,1.2672009382329945,2.2672009382329947,0.6612674899937636,1.2672009382329945,23198.0,10232.0,raw
GH 21(B),La Belle,2026-W04,3,2026-W06,0.5110437842064113,0.4889562157935887,0.6612674899937636,-0.5110437842064113,5003.0,10232.0,raw
GH 21(B),La Belle,2026-W05,2,2026-W06,1.9613956215793589,2.961395621579359,0.6612674899937636,1.9613956215793589,30301.0,10232.0,raw
GH 21(B),La Belle,2026-W06,1,2026-W06,0.06958561376075059,1.0695856137607507,0.6612674899937636,0.06958561376075059,10944.0,10232.0,raw
GH 24(B),La Belle,2026-W03,4,2026-W06,0.20041640264325156,1.2004164026432516,0.31813156512336455,0.20041640264325156,13261.0,11047.0,raw
GH 24(B),La Belle,2026-W04,3,2026-W06,0.33049696750248936,0.6695030324975106,0.31813156512336455,-0.33049696750248936,7396.0,11047.0,raw
GH 24(B),La Belle,2026-W05,2,2026-W06,0.01701819498506382,0.9829818050149361,0.31813156512336455,-0.01701819498506382,10859.0,11047.0,raw
GH 24(B),La Belle,2026-W06,1,2026-W06,0.38671132434145017,0.6132886756585498,0.31813156512336455,-0.38671132434145017,6775.0,11047.0,raw
GH 3(C),Lady Bombastic,2026-W03,4,2026-W06,0.14545454545454545,1.1454545454545455,0.36164687530664064,0.14545454545454545,10710.0,9350.0,raw
GH 3(C),Lady Bombastic,2026-W04,3,2026-W06,0.34962566844919785,1.3496256684491978,0.36164687530664064,0.34962566844919785,12619.0,9350.0,raw
GH 3(C),Lady Bombastic,2026-W05,2,2026-W06,0.04641711229946524,0.9535828877005348,0.36164687530664064,-0.04641711229946524,8916.0,9350.0,raw
GH 3(C),Lady Bombastic,2026-W06,1,2026-W06,0.48919786096256684,0.5108021390374331,0.36164687530664064,-0.48919786096256684,4776.0,9350.0,raw
GH 37(A),Lady Of The Dawn,2026-W03,4,2026-W06,9.425,10.425,0.2027520552419001,9.425,5838.0,560.0,raw
GH 37(A),Lady Of The Dawn,2026-W04,3,2026-W06,12.082142857142857,13.082142857142857,0.2027520552419001,12.082142857142857,7326.0,560.0,raw
GH 37(A),Lady Of The Dawn,2026-W05,2,2026-W06,11.603571428571428,12.603571428571428,0.2027520552419001,11.603571428571428,7058.0,560.0,raw
GH 37(A),Lady Of The Dawn,2026-W06,1,2026-W06,7.1875,8.1875,0.2027520552419001,7.1875,4585.0,560.0,raw
GH 1(A),Leila,2026-W03,4,2026-W06,0.695244055068836,1.6952440550688361,0.4165650486059588,0.695244055068836,24381.0,14382.0,raw
GH 1(A),Leila,2026-W04,3,2026-W06,1.2943957724933945,2.2943957724933943,0.4165650486059588,1.2943957724933945,32998.0,14382.0,raw
GH 1(A),Leila,2026-W05,2,2026-W06,0.8938951467111668,1.8938951467111667,0.4165650486059588,0.8938951467111668,27238.0,14382.0,raw
GH 1(A),Leila,2026-W06,1,2026-W06,0.31330830204422194,0.686691697955778,0.4165650486059588,-0.31330830204422194,9876.0,14382.0,raw
GH 29(C),Leila,2026-W03,4,2026-W06,0.0714102892244689,1.0714102892244688,0.15633007860150724,0.0714102892244689,4186.0,3907.0,raw
GH 29(C),Leila,2026-W04,3,2026-W06,0.06782697722037369,1.0678269772203737,0.15633007860150724,0.06782697722037369,4172.0,3907.0,raw
GH 29(C),Leila,2026-W05,2,2026-W06,0.25262349628871256,1.2526234962887126,0.15633007860150724,0.25262349628871256,4894.0,3907.0,raw
GH 29(C),Leila,2026-W06,1,2026-W06,0.15229076017404658,0.8477092398259534,0.15633007860150724,-0.15229076017404658,3312.0,3907.0,raw
GH 17(B),Lianne,2026-W03,4,2026-W06,1.7316674451191032,2.731667445119103,0.4421223162652646,1.7316674451191032,11697.0,4282.0,raw
GH 17(B),Lianne,2026-W04,3,2026-W06,2.3839327417094816,3.3839327417094816,0.4421223162652646,2.3839327417094816,14490.0,4282.0,raw
GH 17(B),Lianne,2026-W05,2,2026-W06,1.3633815973844,2.3633815973843997,0.4421223162652646,1.3633815973844,10120.0,4282.0,raw
GH 17(B),Lianne,2026-W06,1,2026-W06,0.07379729098552079,0.9262027090144792,0.4421223162652646,-0.07379729098552079,3966.0,4282.0,raw
GH 18(B),Lianne,2026-W03,4,2026-W06,1.809124767225326,2.8091247672253257,0.2528427724706496,1.809124767225326,6034.0,2148.0,raw
GH 18(B),Lianne,2026-W04,3,2026-W06,1.8645251396648044,2.8645251396648046,0.2528427724706496,1.8645251396648044,6153.0,2148.0,raw
GH 18(B),Lianne,2026-W05,2,2026-W06,0.9436685288640596,1.9436685288640596,0.2528427724706496,0.9436685288640596,4175.0,2148.0,raw
GH 18(B),Lianne,2026-W06,1,2026-W06,0.7141527001862198,1.7141527001862198,0.2528427724706496,0.7141527001862198,3682.0,2148.0,raw
GH 31(A),Lianne,2026-W03,4,2026-W06,0.1692344727973038,0.8307655272026961,0.25974933939616,-0.1692344727973038,3451.0,4154.0,raw
GH 31(A),Lianne,2026-W04,3,2026-W06,0.2705825710158883,1.2705825710158882,0.25974933939616,0.2705825710158883,5278.0,4154.0,raw
GH 31(A),Lianne,2026-W05,2,2026-W06,0.11795859412614347,0.8820414058738565,0.25974933939616,-0.11795859412614347,3664.0,4154.0,raw
GH 31(A),Lianne,2026-W06,1,2026-W06,0.2826191622532499,0.7173808377467501,0.25974933939616,-0.2826191622532499,2980.0,4154.0,raw
GH 40(A),Madam Bombastic,2026-W03,4,2026-W06,0.7603609274997377,1.7603609274997376,0.44954451056340405,0.7603609274997377,16778.0,9531.0,raw
GH 40(A),Madam Bombastic,2026-W04,3,2026-W06,0.13818067359143846,0.8618193264085615,0.44954451056340405,-0.13818067359143846,8214.0,9531.0,raw
GH 40(A),Madam Bombastic,2026-W05,2,2026-W06,0.14069877242681775,0.8593012275731823,0.44954451056340405,-0.14069877242681775,8190.0,9531.0,raw
GH 40(A),Madam Bombastic,2026-W06,1,2026-W06,0.2630364075123282,0.7369635924876718,0.44954451056340405,-0.2630364075123282,7024.0,9531.0,raw
GH (12),Madam Cerise,2026-W03,4,2026-W06,0.01932733301752724,1.0193273330175272,0.1464600243792421,0.01932733301752724,21518.0,21110.0,raw
GH (12),Madam Cerise,2026-W04,3,2026-W06,0.08834675509237329,1.0883467550923733,0.1464600243792421,0.08834675509237329,22975.0,21110.0,raw
GH (12),Madam Cerise,2026-W05,2,2026-W06,0.23728090952155376,0.7627190904784462,0.1464600243792421,-0.23728090952155376,16101.0,21110.0,raw
GH (12),Madam Cerise,2026-W06,1,2026-W06,0.04414969208905732,0.9558503079109427,0.1464600243792421,-0.04414969208905732,20178.0,21110.0,raw
GH (19)A,Madam Cerise,2026-W03,4,2026-W06,0.286661985364772,1.286661985364772,0.20245529554142275,0.286661985364772,69629.0,54116.0,raw
GH (19)A,Madam Cerise,2026-W04,3,2026-W06,0.0033077093650676326,1.0033077093650675,0.20245529554142275,0.0033077093650676326,54295.0,54116.0,raw
GH (19)A,Madam Cerise,2026-W05,2,2026-W06,0.22191218863182793,0.7780878113681721,0.20245529554142275,-0.22191218863182793,42107.0,54116.0,raw
GH (19)A,Madam Cerise,2026-W06,1,2026-W06,0.07334244955281248,1.0733424495528125,0.20245529554142275,0.07334244955281248,58085.0,54116.0,raw
GH 39(A),Madam Pink,2026-W03,4,2026-W06,0.678099593495935,0.32190040650406504,0.4628116092525556,-0.678099593495935,36743.0,114144.0,raw
GH 39(A),Madam Pink,2026-W04,3,2026-W06,0.615214115503224,0.384785884496776,0.4628116092525556,-0.615214115503224,43921.0,114144.0,raw
GH 39(A),Madam Pink,2026-W05,2,2026-W06,0.42494568264648164,0.5750543173535184,0.4628116092525556,-0.42494568264648164,65639.0,114144.0,raw
GH 39(A),Madam Pink,2026-W06,1,2026-W06,0.12160078497336697,0.878399215026633,0.4628116092525556,-0.12160078497336697,100264.0,114144.0,raw
GH (17),Madam Red,2026-W03,4,2026-W06,0.023331273176761435,0.9766687268232386,0.21924262156728905,-0.023331273176761435,25284.0,25888.0,raw
GH (17),Madam Red,2026-W04,3,2026-W06,0.21256953028430162,0.7874304697156984,0.21924262156728905,-0.21256953028430162,20385.0,25888.0,raw
GH (17),Madam Red,2026-W05,2,2026-W06,0.2583050061804697,0.7416949938195303,0.21924262156728905,-0.2583050061804697,19201.0,25888.0,raw
GH (17),Madam Red,2026-W06,1,2026-W06,0.18498918417799753,1.1849891841779976,0.21924262156728905,0.18498918417799753,30677.0,25888.0,raw
GH (35),Madam Red,2026-W03,4,2026-W06,0.19240097896111594,1.1924009789611159,0.26190592314144673,0.19240097896111594,108648.0,91117.0,raw
GH (35),Madam Red,2026-W04,3,2026-W06,0.15560213791059846,0.8443978620894015,0.26190592314144673,-0.15560213791059846,76939.0,91117.0,raw
GH (35),Madam Red,2026-W05,2,2026-W06,0.30044887342647364,0.6995511265735264,0.26190592314144673,-0.30044887342647364,63741.0,91117.0,raw
GH (35),Madam Red,2026-W06,1,2026-W06,0.2252049562650219,1.2252049562650218,0.26190592314144673,0.2252049562650219,111637.0,91117.0,raw
GH 32(A),Magic Avalanche,2026-W03,4,2026-W06,0.457350594076964,1.457350594076964,0.18241004528219742,0.457350594076964,8218.0,5639.0,raw
GH 32(A),Magic Avalanche,2026-W04,3,2026-W06,0.0030147189217946445,1.0030147189217946,0.18241004528219742,0.0030147189217946445,5656.0,5639.0,raw
GH 32(A),Magic Avalanche,2026-W05,2,2026-W06,0.02500443341017911,1.025004433410179,0.18241004528219742,0.02500443341017911,5780.0,5639.0,raw
GH 32(A),Magic Avalanche,2026-W06,1,2026-W06,0.2793048412839156,1.2793048412839156,0.18241004528219742,0.2793048412839156,7214.0,5639.0,raw
GH 6(C),Maitai,2026-W03,4,2026-W06,1.0409895531050493,2.0409895531050495,0.12556398017534037,1.0409895531050493,28133.0,13784.0,raw
GH 6(C),Maitai,2026-W04,3,2026-W06,0.693630295995357,1.6936302959953569,0.12556398017534037,0.693630295995357,23345.0,13784.0,raw
GH 6(C),Maitai,2026-W05,2,2026-W06,0.5105919907138712,1.5105919907138712,0.12556398017534037,0.5105919907138712,20822.0,13784.0,raw
GH 6(C),Maitai,2026-W06,1,2026-W06,0.7763348810214742,1.776334881021474,0.12556398017534037,0.7763348810214742,24485.0,13784.0,raw
GH 27(A),Marisa,2026-W03,4,2026-W06,1.0781532112458085,2.0781532112458088,0.2623370105004274,1.0781532112458085,8057.0,3877.0,raw
GH 27(A),Marisa,2026-W04,3,2026-W06,0.5439773020376579,1.543977302037658,0.2623370105004274,0.5439773020376579,5986.0,3877.0,raw
GH 27(A),Marisa,2026-W05,2,2026-W06,0.5659014702089245,1.5659014702089245,0.2623370105004274,0.5659014702089245,6071.0,3877.0,raw
GH 27(A),Marisa,2026-W06,1,2026-W06,0.07299458344080474,1.0729945834408048,0.2623370105004274,0.07299458344080474,4160.0,3877.0,raw
GH 29(A),Marisa,2026-W03,4,2026-W06,0.2952558406191773,1.2952558406191772,0.23248022405925275,0.2952558406191773,9037.0,6977.0,raw
GH 29(A),Marisa,2026-W04,3,2026-W06,0.26630356886914147,1.2663035688691415,0.23248022405925275,0.26630356886914147,8835.0,6977.0,raw
GH 29(A),Marisa,2026-W05,2,2026-W06,0.13243514404471837,1.1324351440447185,0.23248022405925275,0.13243514404471837,7901.0,6977.0,raw
GH 29(A),Marisa,2026-W06,1,2026-W06,0.26372366346567294,0.7362763365343271,0.23248022405925275,-0.26372366346567294,5137.0,6977.0,raw
GH (15) A,Mirabel,2026-W03,4,2026-W06,0.9561260325468665,1.9561260325468666,0.4966776018453613,0.9561260325468665,39547.0,20217.0,raw
GH (15) A,Mirabel,2026-W04,3,2026-W06,0.04224167779591433,0.9577583222040856,0.4966776018453613,-0.04224167779591433,19363.0,20217.0,raw
GH (15) A,Mirabel,2026-W05,2,2026-W06,0.08240589602809517,1.0824058960280951,0.4966776018453613,0.08240589602809517,21883.0,20217.0,raw
GH (15) A,Mirabel,2026-W06,1,2026-W06,0.3889795716476233,0.6110204283523767,0.4966776018453613,-0.3889795716476233,12353.0,20217.0,raw
GH (16),Mirabel,2026-W03,4,2026-W06,1.5698107798165137,2.569810779816514,0.5872114191383165,1.5698107798165137,17927.0,6976.0,raw
GH (16),Mirabel,2026-W04,3,2026-W06,0.1784690366972477,1.1784690366972477,0.5872114191383165,0.1784690366972477,8221.0,6976.0,raw
GH (16),Mirabel,2026-W05,2,2026-W06,0.12858371559633028,0.8714162844036697,0.5872114191383165,-0.12858371559633028,6079.0,6976.0,raw
GH (16),Mirabel,2026-W06,1,2026-W06,0.1145355504587156,0.8854644495412844,0.5872114191383165,-0.1145355504587156,6177.0,6976.0,raw
GH (25),Mirabel,2026-W03,4,2026-W06,0.14046711441882978,1.1404671144188299,0.5678754705722034,0.14046711441882978,37697.0,33054.0,raw
GH (25),Mirabel,2026-W04,3,2026-W06,0.34047316512373693,0.6595268348762631,0.5678754705722034,-0.34047316512373693,21800.0,33054.0,raw
GH (25),Mirabel,2026-W05,2,2026-W06,0.5147032129243057,0.4852967870756943,0.5678754705722034,-0.5147032129243057,16041.0,33054.0,raw
GH (25),Mirabel,2026-W06,1,2026-W06,0.7137108973195377,0.28628910268046226,0.5678754705722034,-0.7137108973195377,9463.0,33054.0,raw
GH (26),Mirabel,2026-W03,4,2026-W06,0.00938322128032739,0.9906167787196726,0.5884245938214112,-0.00938322128032739,33889.0,34210.0,raw
GH (26),Mirabel,2026-W04,3,2026-W06,0.4824612686349021,0.5175387313650979,0.5884245938214112,-0.4824612686349021,17705.0,34210.0,raw
GH (26),Mirabel,2026-W05,2,2026-W06,0.7345805320081847,0.26541946799181526,0.5884245938214112,-0.7345805320081847,9080.0,34210.0,raw
GH (26),Mirabel,2026-W06,1,2026-W06,0.6141771411867875,0.3858228588132125,0.5884245938214112,-0.6141771411867875,13199.0,34210.0,raw
GH (43),Mirabel,2026-W03,4,2026-W06,0.9189139858544376,1.9189139858544375,0.45744853164722277,0.9189139858544376,42053.0,21915.0,raw
GH (43),Mirabel,2026-W04,3,2026-W06,0.09048596851471595,1.090485968514716,0.45744853164722277,0.09048596851471595,23898.0,21915.0,raw
GH (43),Mirabel,2026-W05,2,2026-W06,0.014556240018252339,0.9854437599817477,0.45744853164722277,-0.014556240018252339,21596.0,21915.0,raw
GH (43),Mirabel,2026-W06,1,2026-W06,0.3319187770933151,0.6680812229066849,0.45744853164722277,-0.3319187770933151,14641.0,21915.0,raw
GH 40(B),Miss Bombastic,2026-W03,4,2026-W06,0.18323064559335656,1.1832306455933566,0.1538500684703797,0.18323064559335656,4417.0,3733.0,raw
GH 40(B),Miss Bombastic,2026-W04,3,2026-W06,0.1001875167425663,1.1001875167425663,0.1538500684703797,0.1001875167425663,4107.0,3733.0,raw
GH 40(B),Miss Bombastic,2026-W05,2,2026-W06,0.1650147334583445,0.8349852665416555,0.1538500684703797,-0.1650147334583445,3117.0,3733.0,raw
GH 40(B),Miss Bombastic,2026-W06,1,2026-W06,0.05732654701312617,0.9426734529868739,0.1538500684703797,-0.05732654701312617,3519.0,3733.0,raw
GH 43(B),Misty Bubbles,2026-W03,4,2026-W06,0.387140902872777,0.612859097127223,0.3026050642007554,-0.387140902872777,1344.0,2193.0,raw
GH 43(B),Misty Bubbles,2026-W04,3,2026-W06,0.43502051983584133,0.5649794801641587,0.3026050642007554,-0.43502051983584133,1239.0,2193.0,raw
GH 43(B),Misty Bubbles,2026-W05,2,2026-W06,0.46101231190150477,0.5389876880984952,0.3026050642007554,-0.46101231190150477,1182.0,2193.0,raw
GH 43(B),Misty Bubbles,2026-W06,1,2026-W06,0.025079799361605107,0.9749202006383949,0.3026050642007554,-0.025079799361605107,2138.0,2193.0,raw
GH 30(A),Moonwalk,2026-W03,4,2026-W06,0.17610396499138045,1.1761039649913805,0.16399909354566755,0.17610396499138045,17738.0,15082.0,raw
GH 30(A),Moonwalk,2026-W04,3,2026-W06,0.1729876674181143,1.1729876674181143,0.16399909354566755,0.1729876674181143,17691.0,15082.0,raw
GH 30(A),Moonwalk,2026-W05,2,2026-W06,0.19108871502453256,0.8089112849754675,0.16399909354566755,-0.19108871502453256,12200.0,15082.0,raw
GH 30(A),Moonwalk,2026-W06,1,2026-W06,0.11563453122927994,1.11563453122928,0.16399909354566755,0.11563453122927994,16826.0,15082.0,raw
GH 34(A),My Beauty,2026-W03,4,2026-W06,0.9484590860786397,1.9484590860786397,0.544125712004013,0.9484590860786397,7334.0,3764.0,raw
GH 34(A),My Beauty,2026-W04,3,2026-W06,1.3501594048884167,2.3501594048884167,0.544125712004013,1.3501594048884167,8846.0,3764.0,raw
GH 34(A),My Beauty,2026-W05,2,2026-W06,0.43278427205100956,1.4327842720510096,0.544125712004013,0.43278427205100956,5393.0,3764.0,raw
GH 34(A),My Beauty,2026-W06,1,2026-W06,0.5839532412327312,0.4160467587672689,0.544125712004013,-0.5839532412327312,1566.0,3764.0,raw
GH 13(A),Nalani,2026-W03,4,2026-W06,0.4676022176022176,0.5323977823977823,0.11736988616959658,-0.4676022176022176,3073.0,5772.0,raw
GH 13(A),Nalani,2026-W04,3,2026-W06,0.5812543312543312,0.41874566874566876,0.11736988616959658,-0.5812543312543312,2417.0,5772.0,raw
GH 13(A),Nalani,2026-W05,2,2026-W06,0.5568260568260568,0.44317394317394315,0.11736988616959658,-0.5568260568260568,2558.0,5772.0,raw
GH 13(A),Nalani,2026-W06,1,2026-W06,0.4797297297297297,0.5202702702702703,0.11736988616959658,-0.4797297297297297,3003.0,5772.0,raw
GH 20(B),Nalani,2026-W03,4,2026-W06,0.21196690006365373,1.2119669000636537,0.20111888609770096,0.21196690006365373,1904.0,1571.0,raw
GH 20(B),Nalani,2026-W04,3,2026-W06,0.11075747931253978,0.8892425206874602,0.20111888609770096,-0.11075747931253978,1397.0,1571.0,raw
GH 20(B),Nalani,2026-W05,2,2026-W06,0.47231063017186503,1.4723106301718651,0.20111888609770096,0.47231063017186503,2313.0,1571.0,raw
GH 20(B),Nalani,2026-W06,1,2026-W06,0.17313812858052197,1.173138128580522,0.20111888609770096,0.17313812858052197,1843.0,1571.0,raw
GH 14(A),Nathalie,2026-W03,4,2026-W06,0.9875717017208413,1.9875717017208414,0.5076282110499951,0.9875717017208413,10395.0,5230.0,raw
GH 14(A),Nathalie,2026-W04,3,2026-W06,0.5663479923518164,1.5663479923518164,0.5076282110499951,0.5663479923518164,8192.0,5230.0,raw
GH 14(A),Nathalie,2026-W05,2,2026-W06,0.37036328871892926,0.6296367112810708,0.5076282110499951,-0.37036328871892926,3293.0,5230.0,raw
GH 14(A),Nathalie,2026-W06,1,2026-W06,0.17686424474187382,0.8231357552581262,0.5076282110499951,-0.17686424474187382,4305.0,5230.0,raw
GH 38(A),New Orleans,2026-W03,4,2026-W06,2.143971400714982,3.143971400714982,0.1816747406350499,2.143971400714982,38696.0,12308.0,raw
GH 38(A),New Orleans,2026-W04,3,2026-W06,1.513649658758531,2.513649658758531,0.1816747406350499,1.513649658758531,30938.0,12308.0,raw
GH 38(A),New Orleans,2026-W05,2,2026-W06,1.1560773480662982,2.1560773480662982,0.1816747406350499,1.1560773480662982,26537.0,12308.0,raw
GH 38(A),New Orleans,2026-W06,1,2026-W06,1.2035261618459538,2.203526161845954,0.1816747406350499,1.2035261618459538,27121.0,12308.0,raw
GH (14) B,Odilia,2026-W03,4,2026-W06,2.4005907748239035,3.4005907748239035,0.42441232806748075,2.4005907748239035,14966.0,4401.0,raw
GH (14) B,Odilia,2026-W04,3,2026-W06,2.354010452169961,3.354010452169961,0.42441232806748075,2.354010452169961,14761.0,4401.0,raw
GH (14) B,Odilia,2026-W05,2,2026-W06,0.6512156328107248,1.6512156328107248,0.42441232806748075,0.6512156328107248,7267.0,4401.0,raw
GH (14) B,Odilia,2026-W06,1,2026-W06,0.47898204953419676,1.4789820495341968,0.42441232806748075,0.47898204953419676,6509.0,4401.0,raw
GH (36),Odilia,2026-W03,4,2026-W06,1.1144152023535023,2.1144152023535026,0.48763615149117473,1.1144152023535023,53186.0,25154.0,raw
GH (36),Odilia,2026-W04,3,2026-W06,0.8162121332591238,1.816212133259124,0.48763615149117473,0.8162121332591238,45685.0,25154.0,raw
GH (36),Odilia,2026-W05,2,2026-W06,0.13393496064244256,0.8660650393575574,0.48763615149117473,-0.13393496064244256,21785.0,25154.0,raw
GH (36),Odilia,2026-W06,1,2026-W06,0.23932575335930667,0.7606742466406933,0.48763615149117473,-0.23932575335930667,19134.0,25154.0,raw
GH 5(C),Orange Strike,2026-W03,4,2026-W06,0.5181569699336197,0.4818430300663803,0.226755844897756,-0.5181569699336197,9872.0,20488.0,raw
GH 5(C),Orange Strike,2026-W04,3,2026-W06,0.4032116360796564,0.5967883639203436,0.226755844897756,-0.4032116360796564,12227.0,20488.0,raw
GH 5(C),Orange Strike,2026-W05,2,2026-W06,0.6525771183131589,0.3474228816868411,0.226755844897756,-0.6525771183131589,7118.0,20488.0,raw
GH 5(C),Orange Strike,2026-W06,1,2026-W06,0.42498047637641545,0.5750195236235845,0.226755844897756,-0.42498047637641545,11781.0,20488.0,raw
GH 8(B),Orange Strike,2026-W03,4,2026-W06,2.4811377245508983,3.4811377245508983,0.820645753690892,2.4811377245508983,11627.0,3340.0,raw
GH 8(B),Orange Strike,2026-W04,3,2026-W06,1.4062874251497006,2.4062874251497006,0.820645753690892,1.4062874251497006,8037.0,3340.0,raw
GH 8(B),Orange Strike,2026-W05,2,2026-W06,0.36796407185628743,0.6320359281437126,0.820645753690892,-0.36796407185628743,2111.0,3340.0,raw
GH 8(B),Orange Strike,2026-W06,1,2026-W06,0.49580838323353293,0.5041916167664671,0.820645753690892,-0.49580838323353293,1684.0,3340.0,raw
GH 23(D),Paranita,2026-W03,4,2026-W06,0.060743281875357345,0.9392567181246426,0.16646726946409196,-0.060743281875357345,41069.0,43725.0,raw
GH 23(D),Paranita,2026-W04,3,2026-W06,0.36594625500285877,0.6340537449971412,0.16646726946409196,-0.36594625500285877,27724.0,43725.0,raw
GH 23(D),Paranita,2026-W05,2,2026-W06,0.2746712407089766,0.7253287592910235,0.16646726946409196,-0.2746712407089766,31715.0,43725.0,raw
GH 23(D),Paranita,2026-W06,1,2026-W06,0.20304173813607776,0.7969582618639223,0.16646726946409196,-0.20304173813607776,34847.0,43725.0,raw
GH 39(B),Princess Peach,2026-W03,4,2026-W06,2.4420360448124696,3.4420360448124696,0.6286517836926856,2.4420360448124696,14133.0,4106.0,raw
GH 39(B),Princess Peach,2026-W04,3,2026-W06,1.071602532878714,2.071602532878714,0.6286517836926856,1.071602532878714,8506.0,4106.0,raw
GH 39(B),Princess Peach,2026-W05,2,2026-W06,0.45835362883584996,1.45835362883585,0.6286517836926856,0.45835362883584996,5988.0,4106.0,raw
GH 39(B),Princess Peach,2026-W06,1,2026-W06,0.38821237213833415,0.6117876278616659,0.6286517836926856,-0.38821237213833415,2512.0,4106.0,raw
GH 41,Princess Peach,2026-W03,4,2026-W06,1.493647609495152,2.4936476094951523,0.5490067357370769,1.493647609495152,14917.0,5982.0,raw
GH 41,Princess Peach,2026-W04,3,2026-W06,0.18438649281176864,0.8156135071882313,0.5490067357370769,-0.18438649281176864,4879.0,5982.0,raw
GH 41,Princess Peach,2026-W05,2,2026-W06,0.11267134737545971,1.1126713473754597,0.5490067357370769,0.11267134737545971,6656.0,5982.0,raw
GH 41,Princess Peach,2026-W06,1,2026-W06,0.08776328986960882,1.0877632898696088,0.5490067357370769,0.08776328986960882,6507.0,5982.0,raw
GH (19) B,Reflex,2026-W03,4,2026-W06,3.3434875444839856,4.3434875444839856,0.6568340208525152,3.3434875444839856,30513.0,7025.0,raw
GH (19) B,Reflex,2026-W04,3,2026-W06,1.9180071174377225,2.9180071174377225,0.6568340208525152,1.9180071174377225,20499.0,7025.0,raw
GH (19) B,Reflex,2026-W05,2,2026-W06,0.1588612099644128,1.1588612099644129,0.6568340208525152,0.1588612099644128,8141.0,7025.0,raw
GH (19) B,Reflex,2026-W06,1,2026-W06,0.08597864768683273,1.0859786476868327,0.6568340208525152,0.08597864768683273,7629.0,7025.0,raw
GH (2) B,Reflex,2026-W03,4,2026-W06,1.359246887336775,2.359246887336775,0.4939358406993924,1.359246887336775,31076.0,13172.0,raw
GH (2) B,Reflex,2026-W04,3,2026-W06,1.2285150318858185,2.2285150318858182,0.4939358406993924,1.2285150318858185,29354.0,13172.0,raw
GH (2) B,Reflex,2026-W05,2,2026-W06,0.06749164895232311,0.9325083510476769,0.4939358406993924,-0.06749164895232311,12283.0,13172.0,raw
GH (2) B,Reflex,2026-W06,1,2026-W06,0.08928029152748254,0.9107197084725175,0.4939358406993924,-0.08928029152748254,11996.0,13172.0,raw
GH (27),Reflex,2026-W03,4,2026-W06,3.948869752421959,4.948869752421959,0.6979088474489101,3.948869752421959,27585.0,5574.0,raw
GH (27),Reflex,2026-W04,3,2026-W06,3.525654825977754,4.525654825977754,0.6979088474489101,3.525654825977754,25226.0,5574.0,raw
GH (27),Reflex,2026-W05,2,2026-W06,0.3663437387872264,1.3663437387872264,0.6979088474489101,0.3663437387872264,7616.0,5574.0,raw
GH (27),Reflex,2026-W06,1,2026-W06,0.002691065662002153,0.9973089343379978,0.6979088474489101,-0.002691065662002153,5559.0,5574.0,raw
GH 30(B),Revival,2026-W03,4,2026-W06,0.1268867924528302,0.8731132075471698,0.22637554273784657,-0.1268867924528302,7404.0,8480.0,raw
GH 30(B),Revival,2026-W04,3,2026-W06,0.17735849056603772,0.8226415094339623,0.22637554273784657,-0.17735849056603772,6976.0,8480.0,raw
GH 30(B),Revival,2026-W05,2,2026-W06,0.31933962264150945,0.6806603773584906,0.22637554273784657,-0.31933962264150945,5772.0,8480.0,raw
GH 30(B),Revival,2026-W06,1,2026-W06,0.15742924528301888,1.1574292452830188,0.22637554273784657,0.15742924528301888,9815.0,8480.0,raw
GH 39(C),Revival,2026-W03,4,2026-W06,0.47601918465227816,0.5239808153477218,0.24707045808873704,-0.47601918465227816,3933.0,7506.0,raw
GH 39(C),Revival,2026-W04,3,2026-W06,0.4790833999467093,0.5209166000532907,0.24707045808873704,-0.4790833999467093,3910.0,7506.0,raw
GH 39(C),Revival,2026-W05,2,2026-W06,0.7063682387423394,0.29363176125766055,0.24707045808873704,-0.7063682387423394,2204.0,7506.0,raw
GH 39(C),Revival,2026-W06,1,2026-W06,0.47268851585398347,0.5273114841460165,0.24707045808873704,-0.47268851585398347,3958.0,7506.0,raw
GH 14(C),Rowena,2026-W03,4,2026-W06,1.0066972590847079,2.006697259084708,0.4446308977344128,1.0066972590847079,16180.0,8063.0,raw
GH 14(C),Rowena,2026-W04,3,2026-W06,0.8294679399727148,1.829467939972715,0.4446308977344128,0.8294679399727148,14751.0,8063.0,raw
GH 14(C),Rowena,2026-W05,2,2026-W06,0.3176237132580925,1.3176237132580926,0.4446308977344128,0.3176237132580925,10624.0,8063.0,raw
GH 14(C),Rowena,2026-W06,1,2026-W06,0.41597420315019223,0.5840257968498077,0.4446308977344128,-0.41597420315019223,4709.0,8063.0,raw
GH 1(B),Royal Park,2026-W03,4,2026-W06,1.7867978679786798,2.7867978679786796,0.45546268136431817,1.7867978679786798,6797.0,2439.0,raw
GH 1(B),Royal Park,2026-W04,3,2026-W06,1.2849528495284952,2.284952849528495,0.45546268136431817,1.2849528495284952,5573.0,2439.0,raw
GH 1(B),Royal Park,2026-W05,2,2026-W06,0.9220992209922099,1.9220992209922099,0.45546268136431817,0.9220992209922099,4688.0,2439.0,raw
GH 1(B),Royal Park,2026-W06,1,2026-W06,0.2767527675276753,0.7232472324723247,0.45546268136431817,-0.2767527675276753,1764.0,2439.0,raw
GH 18(C),Royal Porcelina,2026-W03,4,2026-W06,2.024194952132289,3.024194952132289,0.46999171177342847,2.024194952132289,17374.0,5745.0,raw
GH 18(C),Royal Porcelina,2026-W04,3,2026-W06,2.183812010443864,3.183812010443864,0.46999171177342847,2.183812010443864,18291.0,5745.0,raw
GH 18(C),Royal Porcelina,2026-W05,2,2026-W06,0.7234116623150566,1.7234116623150566,0.46999171177342847,0.7234116623150566,9901.0,5745.0,raw
GH 18(C),Royal Porcelina,2026-W06,1,2026-W06,0.0019147084421235858,1.0019147084421236,0.46999171177342847,0.0019147084421235858,5756.0,5745.0,raw
GH 26(A),Royal Porcelina,2026-W03,4,2026-W06,0.8974108884553998,1.8974108884554,0.627185637467659,0.8974108884553998,21399.0,11278.0,raw
GH 26(A),Royal Porcelina,2026-W04,3,2026-W06,0.8569781876219188,1.8569781876219187,0.627185637467659,0.8569781876219188,20943.0,11278.0,raw
GH 26(A),Royal Porcelina,2026-W05,2,2026-W06,0.3239049476857599,0.6760950523142402,0.627185637467659,-0.3239049476857599,7625.0,11278.0,raw
GH 26(A),Royal Porcelina,2026-W06,1,2026-W06,0.5515162262812555,0.4484837737187445,0.627185637467659,-0.5515162262812555,5058.0,11278.0,raw
GH 2(C),Salinero,2026-W03,4,2026-W06,1.8933580312251919,2.893358031225192,0.9188288094398682,1.8933580312251919,10934.0,3779.0,raw
GH 2(C),Salinero,2026-W04,3,2026-W06,4.897856575813707,5.897856575813707,0.9188288094398682,4.897856575813707,22288.0,3779.0,raw
GH 2(C),Salinero,2026-W05,2,2026-W06,0.4974861074358296,1.4974861074358297,0.9188288094398682,0.4974861074358296,5659.0,3779.0,raw
GH 2(C),Salinero,2026-W06,1,2026-W06,0.73590897062715,0.26409102937284995,0.9188288094398682,-0.73590897062715,998.0,3779.0,raw
GH 38(B),Salinero,2026-W03,4,2026-W06,1.965250142126208,2.965250142126208,0.5073414368524136,1.965250142126208,41727.0,14072.0,raw
GH 38(B),Salinero,2026-W04,3,2026-W06,0.8738629903354178,1.8738629903354178,0.5073414368524136,0.8738629903354178,26369.0,14072.0,raw
GH 38(B),Salinero,2026-W05,2,2026-W06,0.4039226833428084,1.4039226833428085,0.5073414368524136,0.4039226833428084,19756.0,14072.0,raw
GH 38(B),Salinero,2026-W06,1,2026-W06,0.15328311540648096,0.846716884593519,0.5073414368524136,-0.15328311540648096,11915.0,14072.0,raw
GH 6(A),Salinero,2026-W03,4,2026-W06,0.4104770813844715,1.4104770813844714,0.35579435462126224,0.4104770813844715,15078.0,10690.0,raw
GH 6(A),Salinero,2026-W04,3,2026-W06,0.4268475210477081,1.426847521047708,0.35579435462126224,0.4268475210477081,15253.0,10690.0,raw
GH 6(A),Salinero,2026-W05,2,2026-W06,0.7904583723105706,1.7904583723105707,0.35579435462126224,0.7904583723105706,19140.0,10690.0,raw
GH 6(A),Salinero,2026-W06,1,2026-W06,0.33180542563143123,0.6681945743685688,0.35579435462126224,-0.33180542563143123,7143.0,10690.0,raw
GH 6(B),Silver Shadow,2026-W03,4,2026-W06,0.04480381760339343,1.0448038176033934,0.2403385389710956,0.04480381760339343,11823.0,11316.0,raw
GH 6(B),Silver Shadow,2026-W04,3,2026-W06,0.022534464475079532,1.0225344644750796,0.2403385389710956,0.022534464475079532,11571.0,11316.0,raw
GH 6(B),Silver Shadow,2026-W05,2,2026-W06,0.1933545422410746,1.1933545422410745,0.2403385389710956,0.1933545422410746,13504.0,11316.0,raw
GH 6(B),Silver Shadow,2026-W06,1,2026-W06,0.3570166136443973,0.6429833863556027,0.2403385389710956,-0.3570166136443973,7276.0,11316.0,raw
GH 29(B),Smashing,2026-W03,4,2026-W06,0.6465816917728853,1.6465816917728853,0.23093454442559266,0.6465816917728853,8526.0,5178.0,raw
GH 29(B),Smashing,2026-W04,3,2026-W06,0.8460795674005408,1.8460795674005408,0.23093454442559266,0.8460795674005408,9559.0,5178.0,raw
GH 29(B),Smashing,2026-W05,2,2026-W06,0.17477790652761685,1.174777906527617,0.23093454442559266,0.17477790652761685,6083.0,5178.0,raw
GH 29(B),Smashing,2026-W06,1,2026-W06,0.1825028968713789,1.1825028968713789,0.23093454442559266,0.1825028968713789,6123.0,5178.0,raw
GH (37),Snow Storm,2026-W03,4,2026-W06,0.5775541457011595,0.4224458542988405,0.278969701300316,-0.5775541457011595,13517.0,31997.0,raw
GH (37),Snow Storm,2026-W04,3,2026-W06,0.6015251429821545,0.3984748570178454,0.278969701300316,-0.6015251429821545,12750.0,31997.0,raw
GH (37),Snow Storm,2026-W05,2,2026-W06,0.6118386098696753,0.3881613901303247,0.278969701300316,-0.6118386098696753,12420.0,31997.0,raw
GH (37),Snow Storm,2026-W06,1,2026-W06,0.3375003906616245,0.6624996093383755,0.278969701300316,-0.3375003906616245,21198.0,31997.0,raw
GH (11),Snowflake,2026-W03,4,2026-W06,0.30967952910398955,0.6903204708960105,0.1521540104594097,-0.30967952910398955,8444.0,12232.0,raw
GH (11),Snowflake,2026-W04,3,2026-W06,0.37336494440810986,0.6266350555918901,0.1521540104594097,-0.37336494440810986,7665.0,12232.0,raw
GH (11),Snowflake,2026-W05,2,2026-W06,0.15721059516023544,0.8427894048397645,0.1521540104594097,-0.15721059516023544,10309.0,12232.0,raw
GH (11),Snowflake,2026-W06,1,2026-W06,0.3876716808371485,0.6123283191628516,0.1521540104594097,-0.3876716808371485,7490.0,12232.0,raw
GH (2) A,Snowflake,2026-W03,4,2026-W06,0.23254265501456511,0.7674573449854348,0.21534967738402086,-0.23254265501456511,9221.0,12015.0,raw
GH (2) A,Snowflake,2026-W04,3,2026-W06,0.11094465251768623,0.8890553474823137,0.21534967738402086,-0.11094465251768623,10682.0,12015.0,raw
GH (2) A,Snowflake,2026-W05,2,2026-W06,0.3526425301706201,0.6473574698293799,0.21534967738402086,-0.3526425301706201,7778.0,12015.0,raw
GH (2) A,Snowflake,2026-W06,1,2026-W06,0.46541822721598003,0.53458177278402,0.21534967738402086,-0.46541822721598003,6423.0,12015.0,raw
GH (9),Snowflake,2026-W03,4,2026-W06,0.6643942883463841,1.6643942883463843,0.39065832804376704,0.6643942883463841,18067.0,10855.0,raw
GH (9),Snowflake,2026-W04,3,2026-W06,0.24698295716259788,1.2469829571625979,0.39065832804376704,0.24698295716259788,13536.0,10855.0,raw
GH (9),Snowflake,2026-W05,2,2026-W06,0.23233532934131737,0.7676646706586826,0.39065832804376704,-0.23233532934131737,8333.0,10855.0,raw
GH (9),Snowflake,2026-W06,1,2026-W06,0.23795485951174575,0.7620451404882542,0.39065832804376704,-0.23795485951174575,8272.0,10855.0,raw
GH 18(A),Snowy Blossoms,2026-W03,4,2026-W06,1.396348421453024,2.396348421453024,0.5956887688196272,1.396348421453024,12600.0,5258.0,raw
GH 18(A),Snowy Blossoms,2026-W04,3,2026-W06,1.290414606314188,2.290414606314188,0.5956887688196272,1.290414606314188,12043.0,5258.0,raw
GH 18(A),Snowy Blossoms,2026-W05,2,2026-W06,0.20825408900722708,1.208254089007227,0.5956887688196272,0.20825408900722708,6353.0,5258.0,raw
GH 18(A),Snowy Blossoms,2026-W06,1,2026-W06,0.5794979079497908,0.4205020920502092,0.5956887688196272,-0.5794979079497908,2211.0,5258.0,raw
GH 40(D),Snowy Blossoms,2026-W03,4,2026-W06,1.4896297434321708,2.489629743432171,0.30062623385322357,1.4896297434321708,16205.0,6509.0,raw
GH 40(D),Snowy Blossoms,2026-W04,3,2026-W06,1.1759102780765094,2.1759102780765094,0.30062623385322357,1.1759102780765094,14163.0,6509.0,raw
GH 40(D),Snowy Blossoms,2026-W05,2,2026-W06,0.8305423260101398,1.8305423260101399,0.30062623385322357,0.8305423260101398,11915.0,6509.0,raw
GH 40(D),Snowy Blossoms,2026-W06,1,2026-W06,0.14994622829927792,1.1499462282992778,0.30062623385322357,0.14994622829927792,7485.0,6509.0,raw
GH 7(A),Snowy Blossoms,2026-W03,4,2026-W06,1.2365794907088783,2.2365794907088783,0.37425149140951686,1.2365794907088783,12999.0,5812.0,raw
GH 7(A),Snowy Blossoms,2026-W04,3,2026-W06,1.8203716448726772,2.820371644872677,0.37425149140951686,1.8203716448726772,16392.0,5812.0,raw
GH 7(A),Snowy Blossoms,2026-W05,2,2026-W06,0.9643840330350998,1.9643840330351,0.37425149140951686,0.9643840330350998,11417.0,5812.0,raw
GH 7(A),Snowy Blossoms,2026-W06,1,2026-W06,0.016689607708189953,1.01668960770819,0.37425149140951686,0.016689607708189953,5909.0,5812.0,raw
GH 3(B),Sparkling Bubbles,2026-W03,4,2026-W06,1.2861702127659576,2.2861702127659576,0.3023494225872002,1.2861702127659576,4298.0,1880.0,raw
GH 3(B),Sparkling Bubbles,2026-W04,3,2026-W06,1.9154255319148936,2.9154255319148934,0.3023494225872002,1.9154255319148936,5481.0,1880.0,raw
GH 3(B),Sparkling Bubbles,2026-W05,2,2026-W06,1.2031914893617022,2.203191489361702,0.3023494225872002,1.2031914893617022,4142.0,1880.0,raw
GH 3(B),Sparkling Bubbles,2026-W06,1,2026-W06,0.31382978723404253,1.3138297872340425,0.3023494225872002,0.31382978723404253,2470.0,1880.0,raw
GH 22(C),Summer Dance,2026-W03,4,2026-W06,3.533364297878929,4.533364297878928,0.6798790209875598,3.533364297878929,29281.0,6459.0,raw
GH 22(C),Summer Dance,2026-W04,3,2026-W06,5.610930484595139,6.610930484595139,0.6798790209875598,5.610930484595139,42700.0,6459.0,raw
GH 22(C),Summer Dance,2026-W05,2,2026-W06,0.686329153119678,1.686329153119678,0.6798790209875598,0.686329153119678,10892.0,6459.0,raw
GH 22(C),Summer Dance,2026-W06,1,2026-W06,0.531506425143211,1.5315064251432111,0.6798790209875598,0.531506425143211,9892.0,6459.0,raw
GH 42,Summer Rose,2026-W03,4,2026-W06,0.33078802687843617,0.6692119731215639,0.3092423881633681,-0.33078802687843617,8764.0,13096.0,raw
GH 42,Summer Rose,2026-W04,3,2026-W06,0.17234270006108734,0.8276572999389127,0.3092423881633681,-0.17234270006108734,10839.0,13096.0,raw
GH 42,Summer Rose,2026-W05,2,2026-W06,0.052993280390959074,0.9470067196090409,0.3092423881633681,-0.052993280390959074,12402.0,13096.0,raw
GH 42,Summer Rose,2026-W06,1,2026-W06,0.3563683567501527,1.3563683567501528,0.3092423881633681,0.3563683567501527,17763.0,13096.0,raw
GH 44,Summer Rose,2026-W03,4,2026-W06,0.5815625670744795,0.4184374329255205,0.24536693296896636,-0.5815625670744795,3899.0,9318.0,raw
GH 44,Summer Rose,2026-W04,3,2026-W06,0.4587894397939472,0.5412105602060528,0.24536693296896636,-0.4587894397939472,5043.0,9318.0,raw
GH 44,Summer Rose,2026-W05,2,2026-W06,0.3497531659154325,0.6502468340845675,0.24536693296896636,-0.3497531659154325,6059.0,9318.0,raw
GH 44,Summer Rose,2026-W06,1,2026-W06,0.2432925520497961,0.756707447950204,0.24536693296896636,-0.2432925520497961,7051.0,9318.0,raw
GH 8(A),Summer Rose,2026-W03,4,2026-W06,0.4319508128386828,1.4319508128386829,0.1944988287497729,0.4319508128386828,13741.0,9596.0,raw
GH 8(A),Summer Rose,2026-W04,3,2026-W06,0.08409754064193414,1.0840975406419342,0.1944988287497729,0.08409754064193414,10403.0,9596.0,raw
GH 8(A),Summer Rose,2026-W05,2,2026-W06,0.08493122134222593,1.084931221342226,0.1944988287497729,0.08493122134222593,10411.0,9596.0,raw
GH 8(A),Summer Rose,2026-W06,1,2026-W06,0.09128803668195082,0.9087119633180492,0.1944988287497729,-0.09128803668195082,8720.0,9596.0,raw
GH 22(A),Summer Time,2026-W03,4,2026-W06,0.6264009962640099,1.62640099626401,0.4134042596107509,0.6264009962640099,18284.0,11242.0,raw
GH 22(A),Summer Time,2026-W04,3,2026-W06,0.524106030955346,1.524106030955346,0.4134042596107509,0.524106030955346,17134.0,11242.0,raw
GH 22(A),Summer Time,2026-W05,2,2026-W06,0.5644013520725849,1.564401352072585,0.4134042596107509,0.5644013520725849,17587.0,11242.0,raw
GH 22(A),Summer Time,2026-W06,1,2026-W06,0.5024906600249066,0.4975093399750934,0.4134042596107509,-0.5024906600249066,5593.0,11242.0,raw
GH 31(B),Sweet Gelato,2026-W03,4,2026-W06,0.2312408936376882,0.7687591063623118,0.12414313371588401,-0.2312408936376882,12663.0,16472.0,raw
GH 31(B),Sweet Gelato,2026-W04,3,2026-W06,0.17824186498300146,0.8217581350169986,0.12414313371588401,-0.17824186498300146,13536.0,16472.0,raw
GH 31(B),Sweet Gelato,2026-W05,2,2026-W06,0.2012506070908208,0.7987493929091792,0.12414313371588401,-0.2012506070908208,13157.0,16472.0,raw
GH 31(B),Sweet Gelato,2026-W06,1,2026-W06,0.0024283632831471587,1.0024283632831472,0.12414313371588401,0.0024283632831471587,16512.0,16472.0,raw
GH 45,Sweet Gelato,2026-W03,4,2026-W06,0.47591471439852595,1.4759147143985258,0.3012612652647228,0.47591471439852595,5607.0,3799.0,raw
GH 45,Sweet Gelato,2026-W04,3,2026-W06,0.032376941300342195,0.9676230586996578,0.3012612652647228,-0.032376941300342195,3676.0,3799.0,raw
GH 45,Sweet Gelato,2026-W05,2,2026-W06,0.3427217688865491,1.3427217688865491,0.3012612652647228,0.3427217688865491,5101.0,3799.0,raw
GH 45,Sweet Gelato,2026-W06,1,2026-W06,0.2655962095288234,0.7344037904711767,0.3012612652647228,-0.2655962095288234,2790.0,3799.0,raw
GH 34(C),Sweet Revival,2026-W03,4,2026-W06,0.4569309754706218,1.456930975470622,0.3206747676083422,0.4569309754706218,17878.0,12271.0,raw
GH 34(C),Sweet Revival,2026-W04,3,2026-W06,0.22198679814196073,0.7780132018580392,0.3206747676083422,-0.22198679814196073,9547.0,12271.0,raw
GH 34(C),Sweet Revival,2026-W05,2,2026-W06,0.19590905386684052,0.8040909461331595,0.3206747676083422,-0.19590905386684052,9867.0,12271.0,raw
GH 34(C),Sweet Revival,2026-W06,1,2026-W06,0.31912639556678346,1.3191263955667836,0.3206747676083422,0.31912639556678346,16187.0,12271.0,raw
GH 37(B),Sweet Revival,2026-W03,4,2026-W06,0.4522055637403588,0.5477944362596412,0.44625116539575643,-0.4522055637403588,6321.0,11539.0,raw
GH 37(B),Sweet Revival,2026-W04,3,2026-W06,0.5763064390328452,0.4236935609671549,0.44625116539575643,-0.5763064390328452,4889.0,11539.0,raw
GH 37(B),Sweet Revival,2026-W05,2,2026-W06,0.6753618164485657,0.32463818355143426,0.44625116539575643,-0.6753618164485657,3746.0,11539.0,raw
GH 37(B),Sweet Revival,2026-W06,1,2026-W06,0.11742785336684287,0.8825721466331571,0.44625116539575643,-0.11742785336684287,10184.0,11539.0,raw
GH 27(B),Tarantella,2026-W03,4,2026-W06,0.4128933231005372,1.4128933231005372,0.3247809038314279,0.4128933231005372,7364.0,5212.0,raw
GH 27(B),Tarantella,2026-W04,3,2026-W06,0.1379508825786646,1.1379508825786646,0.3247809038314279,0.1379508825786646,5931.0,5212.0,raw
GH 27(B),Tarantella,2026-W05,2,2026-W06,0.3762471220260936,1.3762471220260937,0.3247809038314279,0.3762471220260936,7173.0,5212.0,raw
GH 27(B),Tarantella,2026-W06,1,2026-W06,0.38679969301611666,0.6132003069838834,0.3247809038314279,-0.38679969301611666,3196.0,5212.0,raw
GH 21(A),Trinity,2026-W03,4,2026-W06,0.8552141527001862,1.8552141527001862,0.22382399003392275,0.8552141527001862,11955.0,6444.0,raw
GH 21(A),Trinity,2026-W04,3,2026-W06,0.6705462445685909,1.670546244568591,0.22382399003392275,0.6705462445685909,10765.0,6444.0,raw
GH 21(A),Trinity,2026-W05,2,2026-W06,0.4407200496585971,1.4407200496585972,0.22382399003392275,0.4407200496585971,9284.0,6444.0,raw
GH 21(A),Trinity,2026-W06,1,2026-W06,0.07107386716325263,1.0710738671632527,0.22382399003392275,0.07107386716325263,6902.0,6444.0,raw
GH 31(C),Uzuri,2026-W03,4,2026-W06,0.234900553494313,0.765099446505687,0.4111018592670027,-0.234900553494313,12579.0,16441.0,raw
GH 31(C),Uzuri,2026-W04,3,2026-W06,0.49692841068061555,0.5030715893193844,0.4111018592670027,-0.49692841068061555,8271.0,16441.0,raw
GH 31(C),Uzuri,2026-W05,2,2026-W06,0.19104677331062586,0.8089532266893741,0.4111018592670027,-0.19104677331062586,13300.0,16441.0,raw
GH 31(C),Uzuri,2026-W06,1,2026-W06,0.3409768262271151,1.3409768262271151,0.4111018592670027,0.3409768262271151,22047.0,16441.0,raw
GH 16(B),Wedding Invite,2026-W03,4,2026-W06,0.6798311727464577,1.6798311727464577,0.29280127598525457,0.6798311727464577,11144.0,6634.0,raw
GH 16(B),Wedding Invite,2026-W04,3,2026-W06,0.09873379559843232,1.0987337955984324,0.29280127598525457,0.09873379559843232,7289.0,6634.0,raw
GH 16(B),Wedding Invite,2026-W05,2,2026-W06,0.007235453723243895,1.007235453723244,0.29280127598525457,0.007235453723243895,6682.0,6634.0,raw
GH 16(B),Wedding Invite,2026-W06,1,2026-W06,0.0832077178173048,0.9167922821826953,0.29280127598525457,-0.0832077178173048,6082.0,6634.0,raw
